province,district,party,candidate,absentee,early_in_person,early_voting,election_day,sum,index,Difference(election day - early voting)
Busan,금정구,더불어민주당,박무성,0.5292205014118251,0.46418692513549376,0.47772197884389356,0.35483568734921417,0.4041427817830139,62,-0.12288629149467939
Busan,금정구,미래통합당,백종헌,0.4039531102934885,0.4906110149099332,0.4725754176015956,0.5888084697725623,0.5419236855987339,62,0.11623305217096669
Busan,금정구,정의당,신수영,0.030461196200906992,0.018710504419007352,0.021156106421626242,0.021795142060759377,0.0216493757692984,62,0.0006390356391331349
Busan,기장군,더불어민주당,최택용,0.5030864197530864,0.5110292182153198,0.5087221246871615,0.4149061132769275,0.4441883207599888,66,-0.09381601141023399
Busan,기장군,미래통합당,정동만,0.4270833333333333,0.4431692550671229,0.43849688095327033,0.5228375410701214,0.4963444165036789,66,0.08434066011685104
Busan,기장군,무소속,김한선,0.05915637860082305,0.038062648065280334,0.044189608158081504,0.05260380313579953,0.050095464282388,66,0.008414194977718024
Busan,남구갑,더불어민주당,강준석,0.5358838313320302,0.48275995212170353,0.4942681709567164,0.37719516235917827,0.42534611809598355,55,-0.11707300859753811
Busan,남구갑,미래통합당,박수영,0.41217537000837756,0.485115255415267,0.4693142978131333,0.5824221338634857,0.535749229489751,55,0.11310783605035246
Busan,남구갑,정의당,현정길,0.031834683049427534,0.017722691995829955,0.02077977072683827,0.022842113982770047,0.022051269507362654,55,0.002062343255931777
Busan,남구을,더불어민주당,박재호,0.6109049020862665,0.5692366058255701,0.5795598680872653,0.45645853241973855,0.505012562195182,54,-0.12310133566752679
Busan,남구을,미래통합당,이언주,0.37603993344425957,0.4256207056443114,0.4133371385083714,0.5358965496208039,0.487400857185083,54,0.12255941111243251
Busan,동래구,더불어민주당,박성현,0.5390521393173728,0.5007783999814114,0.5103374938986124,0.3798948394945057,0.42789877144887806,53,-0.13044265440410668
Busan,동래구,미래통합당,김희곤,0.3883576464018985,0.4568162278969259,0.43971829021686076,0.5650014577699136,0.5185932581988019,53,0.12528316755305285
Busan,동래구,정의당,박재완,0.027709918336008933,0.019355438343750725,0.021442019384980127,0.022831692923281088,0.022388059701492536,53,0.0013896735383009604
Busan,동래구,무소속,진성호,0.035597124310741954,0.01865836373353161,0.02288891988006415,0.024711713432595737,0.024260077165194436,53,0.001822793552531586
Busan,부산진구갑,더불어민주당,김영춘,0.5654874710465361,0.5144710424710425,0.5260430348912187,0.40067495723729835,0.4502284382284382,52,-0.12536807765392038
Busan,부산진구갑,미래통합당,서병수,0.363129079806275,0.43447104247104246,0.41828863468105937,0.5293329018538209,0.48519347319347317,52,0.1110442671727615
Busan,부산진구갑,무소속,정근,0.05885449568330175,0.04435521235521236,0.047644066582284525,0.05992942227975282,0.05516083916083916,52,0.012285355697468296
Busan,부산진구을,더불어민주당,류영진,0.5528713276691576,0.49678921976376644,0.5105464041783849,0.3888197537332984,0.43705765643045397,51,-0.12172665044508651
Busan,부산진구을,미래통합당,이헌승,0.43075033268502405,0.49356180336050576,0.4781538770590599,0.5978517160073356,0.5503469651652897,51,0.11969783894827568
Busan,북구강서구갑,더불어민주당,전재수,0.6055750944379314,0.5524445330144812,0.5632393807066296,0.46823719435709743,0.5058753918658002,56,-0.09500218634953217
Busan,북구강서구갑,미래통합당,박민식,0.38660935261169727,0.44204198219742263,0.43077940981871116,0.5219684863480936,0.48575788402848424,56,0.0911890765293824
Busan,북구강서구을,더불어민주당,최지은,0.49519846350832264,0.5168930585933004,0.5111548556430446,0.39384017814473243,0.43200678666475106,57,-0.1173146774983122
Busan,북구강서구을,미래통합당,김도읍,0.4541453265044814,0.4440255554276505,0.4467022267377868,0.5561938849176894,0.5203155251797577,57,0.10949165817990258
Busan,북구강서구을,정의당,이의용,0.020566581306017927,0.015281455047772534,0.016679366692066717,0.019492206167956317,0.018642803877703208,57,0.0028128394758895996
Busan,북구강서구을,무소속,강인길,0.015284891165172855,0.011540232531368712,0.012530691728050122,0.01414379696381181,0.01370331602460166,57,0.001613105235761688
Busan,북구강서구을,무소속,김원성,0.008322663252240717,0.008547254518245654,0.008487850309033951,0.011205222325032791,0.010398921796003257,57,0.0027173720159988403
Busan,사상구,더불어민주당,배재정,0.5847334577888404,0.4917808566145741,0.5100258534698614,0.4367523673694895,0.46540771993663443,65,-0.07327348610037188
Busan,사상구,미래통합당,장제원,0.3987761875129641,0.49899951875585724,0.47932740264234674,0.5470325971039073,0.5203585488652226,65,0.06770519446156054
Busan,사하구갑,더불어민주당,최인호,0.6159760229345843,0.560884749708964,0.5753885210470342,0.45525439278804924,0.5000940615789804,60,-0.12013412825898495
Busan,사하구갑,미래통합당,김척수,0.37320823560072974,0.43259604190919676,0.4169611307420495,0.5358503360657373,0.4913526055057378,60,0.1188892053236878
Busan,사하구을,더불어민주당,이상호,0.47845565950718144,0.4592447491566003,0.46339173967459324,0.34653618177327733,0.38781505491988566,61,-0.11685555790131591
Busan,사하구을,미래통합당,조경태,0.4922914745025695,0.5214568143069612,0.5151609967004209,0.6279482588293406,0.5879564624224499,61,0.11278726212891965
Busan,서구동구,더불어민주당,이재강,0.5563444568414646,0.46808235476695464,0.4860163640485563,0.37346088566579233,0.4220808284698758,50,-0.11255547838276397
Busan,서구동구,미래통합당,안병길,0.42560097372958716,0.5186229372510476,0.4997217699552771,0.6068507946304582,0.5604019483083944,50,0.1071290246751811
Busan,수영구,더불어민주당,강윤경,0.5469225123204362,0.4723524522028263,0.49030596788851866,0.35918875084636337,0.41005028035398916,64,-0.1311172170421553
Busan,수영구,미래통합당,전봉민,0.41532976827094475,0.5028428927680798,0.4817732000403918,0.6088620152109216,0.5593472239647169,64,0.12708881517052983
Busan,연제구,더불어민주당,김해영,0.5944762245262781,0.5437559795148855,0.5559003552625947,0.43076150417477554,0.47744417205962336,63,-0.1251388510878192
Busan,연제구,미래통합당,이주환,0.3876474794422596,0.44653610220046147,0.43243590292342593,0.55541465252056,0.509526024136273,63,0.12297874959713406
Busan,중구영도구,더불어민주당,김비오,0.5637093306578759,0.5021032623936684,0.5131046839006911,0.3995138232400208,0.44918330308529947,49,-0.11359086066067026
Busan,중구영도구,미래통합당,황보승희,0.3934355740289523,0.4728133860966566,0.45863834143844384,0.5657399726043254,0.5186189403712855,49,0.10710163116588156
Busan,중구영도구,무소속,정창범,0.030385552529740577,0.017916679649767862,0.020143332480163808,0.023267030656145698,0.02203004395075766,49,0.00312369817598189
Busan,해운대구갑,더불어민주당,유영민,0.4472083035075161,0.4666735907355958,0.46229547787236613,0.3198952117595692,0.37381284127283,58,-0.14240026611279694
Busan,해운대구갑,미래통합당,하태경,0.5129742304939156,0.5096460935268611,0.510394654752561,0.6464488429631786,0.5947731124082094,58,0.13605418821061765
Busan,해운대구갑,무소속,박주언,0.0265748031496063,0.013424038636304625,0.01638189538932158,0.01549992723038859,0.015921672001506307,58,-0.0008819681589329886
Busan,해운대구을,더불어민주당,윤준호,0.5726111636707664,0.5239933057823013,0.5348880349807871,0.41366607621525875,0.45906125852175195,59,-0.12122195876552833
Busan,해운대구을,미래통합당,김미애,0.412961210974456,0.46658014276443865,0.4545647277063734,0.5732447133698054,0.52871646476041,59,0.11867998566343202
Chungbuk,보은옥천영동괴산,더불어민주당,곽상언,0.5181410974244121,0.44772553295135586,0.4598089894117873,0.3677178192229689,0.41442256260637006,188,-0.0920911701888184
Chungbuk,보은옥천영동괴산,미래통합당,박덕흠,0.4628219484882419,0.5380315015426013,0.5251253867291839,0.6142879866385652,0.5688305373206904,188,0.08916259990938136
Chungbuk,제천단양,더불어민주당,이후삼,0.5474369406021156,0.4948125605201273,0.5024592102151809,0.3997571973638571,0.44602909459973783,183,-0.1027020128513238
Chungbuk,제천단양,미래통합당,엄태영,0.4372660699755899,0.4958638815880481,0.4873492551430598,0.5851928932053801,0.5410200025373197,183,0.09784363806232033
Chungbuk,증평진천음성,더불어민주당,임호선,0.5879173290937997,0.5593597599099662,0.564811817078106,0.4564426238154679,0.5068784357060581,189,-0.10836919326263811
Chungbuk,증평진천음성,미래통합당,경대수,0.3944886062533121,0.42881080405151933,0.42225819506272766,0.5277343131911602,0.4783626607231488,189,0.1054761181284325
Chungbuk,청주시상당구,더불어민주당,정정순,0.5641087613293051,0.516952614379085,0.5273166715359486,0.434764195690473,0.47095371553394055,184,-0.09255247584547566
Chungbuk,청주시상당구,미래통합당,윤갑근,0.323987915407855,0.40488834422657954,0.3871079121404478,0.4738955142973303,0.4397848576021102,184,0.08678760215688247
Chungbuk,청주시상당구,정의당,김종대,0.08447129909365558,0.06328295206971678,0.06793976255610741,0.06972489497221845,0.06910728269381362,184,0.0017851324161110432
Chungbuk,청주시서원구,더불어민주당,이장섭,0.5941906373378455,0.5568244612267452,0.5660233268536518,0.4533454640780891,0.4985995946194951,185,-0.11267786277556263
Chungbuk,청주시서원구,미래통합당,최현호,0.360218086106411,0.4194142567692024,0.40484124780153663,0.5107249148020787,0.46788280818131567,185,0.10588366700054208
Chungbuk,청주시청원구,더불어민주당,변재일,0.6300111982082867,0.5694481353529985,0.586612923701917,0.5018787652940812,0.5299408038217883,187,-0.08473415840783582
Chungbuk,청주시청원구,미래통합당,김수민,0.33997760358342666,0.40977943130481,0.38999619144344294,0.4712284951245264,0.44424135424239275,187,0.08123230368108347
Chungbuk,청주시흥덕구,더불어민주당,도종환,0.6236910446510848,0.6218893706477466,0.622319571131381,0.5194512107751826,0.5580764616909195,186,-0.1028683603561984
Chungbuk,청주시흥덕구,미래통합당,정우택,0.3612297897294128,0.3693864144002102,0.36743879020643305,0.4670798108611549,0.4295922092823986,186,0.09964102065472186
Chungbuk,충주시,더불어민주당,김경욱,0.5383597883597884,0.49693656758911287,0.5024946262004772,0.40626684849830325,0.4491794090343825,182,-0.096227777702174
Chungbuk,충주시,미래통합당,이종배,0.4296002351557907,0.47903427855597314,0.47240134887298113,0.563128349877898,0.5225421680416164,182,0.09072700100491682
Chungnam,공주부여청양,더불어민주당,박수현,0.5880206749771967,0.5108463575027756,0.5242756115196727,0.40863498317327424,0.46431503313332034,193,-0.11564062834639849
Chungnam,공주부여청양,미래통합당,정진석,0.35958244653896826,0.445725510291229,0.430735587182336,0.5387835508495444,0.48652239778603407,193,0.10804796366720842
Chungnam,공주부여청양,무소속,김근태,0.027262592479983784,0.02792723545990264,0.02781157963423452,0.03276697036854633,0.03050127370746198,193,0.004955390734311813
Chungnam,공주부여청양,무소속,정연상,0.007702442485051181,0.00578614740797677,0.006119605664603284,0.0065008618566855456,0.006313526688614494,193,0.0003812561920822615
Chungnam,논산계룡금산,더불어민주당,김종민,0.5992555831265509,0.5751058003485188,0.5797921431724249,0.45571578108644367,0.510111435718909,198,-0.12407636208598122
Chungnam,논산계룡금산,미래통합당,박우석,0.35969809760132343,0.40326114015434406,0.3948075919906906,0.5173965347540113,0.4634466350611409,198,0.12258894276332066
Chungnam,당진시,더불어민주당,어기구,0.5412361790828348,0.5989406862172372,0.5887350131435533,0.4056534954407295,0.4766351672273897,199,-0.18308151770282377
Chungnam,당진시,미래통합당,김동완,0.3451150987855719,0.22518206955641235,0.2463935372186959,0.33817629179331304,0.30250593706708884,199,0.09178275457461715
Chungnam,당진시,무소속,정용선,0.0864600326264274,0.14483779257701446,0.13451304738090658,0.22474164133738603,0.18965218681971105,199,0.09022859395647945
Chungnam,보령서천,더불어민주당,나소열,0.6207729468599034,0.5225048923679061,0.5362074772650725,0.4483715685849343,0.49135729396161476,194,-0.08783590868013813
Chungnam,보령서천,미래통합당,김태흠,0.37922705314009664,0.4774951076320939,0.4637925227349276,0.5516284314150657,0.5086427060383852,194,0.08783590868013808
Chungnam,서산태안,더불어민주당,조한기,0.5115233277121979,0.4967070187543122,0.4990303927790706,0.3958327350010052,0.4420075286261045,197,-0.10319765777806539
Chungnam,서산태안,미래통합당,성일종,0.44103428892636315,0.47642643584436223,0.4708765249277202,0.5728337976392199,0.5269802019183821,197,0.10195727271149974
Chungnam,서산태안,정의당,신현웅,0.0357504215851602,0.020364214179681782,0.02277695508074184,0.022875441569258165,0.022963884645067805,197,9.848648851632641e-05
Chungnam,아산시갑,더불어민주당,복기왕,0.60354821710873,0.5416648109384047,0.5541817665032331,0.45356120628862984,0.49092641913415846,196,-0.1006205602146033
Chungnam,아산시갑,미래통합당,이명수,0.38433163534164766,0.45009575557831916,0.4367938605840972,0.5347202057493674,0.49828972792312914,196,0.09792634516527021
Chungnam,아산시을,더불어민주당,강훈식,0.6357674359944507,0.6610667353774801,0.6537279578546865,0.5650133355386937,0.5971655119728142,195,-0.08871462231599281
Chungnam,아산시을,미래통합당,박경귀,0.36423256400554926,0.33893326462252,0.34627204214531354,0.43498666446130624,0.4028344880271858,195,0.0887146223159927
Chungnam,천안시갑,더불어민주당,문진석,0.6202572347266881,0.5399308348077851,0.5618457219720452,0.45344205365654366,0.4934667868177137,190,-0.10840366831550152
Chungnam,천안시갑,미래통합당,신범철,0.3559485530546624,0.43883705967508446,0.41622317094566935,0.5162740024513142,0.47922030552694816,190,0.10005083150564481
Chungnam,천안시병,더불어민주당,이정문,0.5447863068360811,0.5614820646558087,0.5561549286336528,0.44190064070309615,0.48019333355606786,191,-0.11425428793055664
Chungnam,천안시병,미래통합당,이창수,0.3437992229339494,0.34758647837425577,0.3463780741137841,0.4428902083123679,0.41043288452329246,191,0.09651213419858384
Chungnam,천안시병,정의당,황환철,0.04000840071406069,0.03636274172120258,0.03752596662869396,0.04323907282546711,0.04132838862717584,191,0.005713106196773149
Chungnam,천안시병,무소속,김종문,0.07140606951590885,0.05456871524873296,0.0599410306238692,0.0719700781590688,0.06804539329346386,191,0.012029047535199608
Chungnam,천안시을,더불어민주당,박완주,0.623253936213161,0.6509024810255756,0.6430743204627026,0.561722972972973,0.5883817489807892,192,-0.08135134748972961
Chungnam,천안시을,미래통합당,이정만,0.30480419862737185,0.2958415715287965,0.2983791692385067,0.3737274774774775,0.34893114497615574,192,0.07534830823897076
Chungnam,천안시을,정의당,박성필,0.05199838514331853,0.041903182600931184,0.044761447545893056,0.049887387387387384,0.048237630316068175,192,0.005125939841494329
Chungnam,홍성예산,더불어민주당,김학민,0.5552887653228864,0.4841601568130063,0.4973711388602009,0.40270467699338813,0.4448145265888457,200,-0.09466646186681277
Chungnam,홍성예산,미래통합당,홍문표,0.4291671932263364,0.5024646161828716,0.4888508121303164,0.5801944220719624,0.5395278858625162,200,0.09134360994164598
Daegu,달서구갑,더불어민주당,권택흥,0.35498896788428536,0.32743124213553837,0.3348240710292667,0.23738120051641806,0.26882445256627663,76,-0.09744287051284864
Daegu,달서구갑,미래통합당,홍석준,0.4943613630791861,0.5255707352148121,0.5171982900361723,0.6044424396086422,0.5761351547770768,76,0.08724414957246984
Daegu,달서구갑,무소속,곽대훈,0.11816621721010051,0.12201150458385764,0.12097994080894442,0.12655353170837935,0.1248643923196023,76,0.005573590899434933
Daegu,달서구병,더불어민주당,김대진,0.4035066208925944,0.32411551326141236,0.34615253718136335,0.2380489593838819,0.27615892466989644,75,-0.10810357779748145
Daegu,달서구병,미래통합당,김용판,0.48822952427660615,0.5263579403589768,0.5157744273899874,0.5810396992756945,0.5579462334948229,75,0.06526527188570719
Daegu,달서구을,더불어민주당,허소,0.3617680639373675,0.34068184144968094,0.34690244195837844,0.2519474347583528,0.2806594261350542,77,-0.09495500720002564
Daegu,달서구을,미래통합당,윤재옥,0.5584733322459632,0.6033170665119613,0.590087814266811,0.6814368659214414,0.6536788430513943,77,0.09134905165463036
Daegu,달서구을,정의당,한민정,0.04273364867068993,0.029792171450022182,0.03361000842054613,0.03302890675041841,0.03321617884305139,77,-0.0005811016701277177
Daegu,달서구을,무소속,홍선이,0.023405643451313,0.015971060983517044,0.018164320943101168,0.019278054424861045,0.018999193362525927,77,0.0011137334817598772
Daegu,달성군,더불어민주당,박형룡,0.33792811839323467,0.3358332453082638,0.3364490627952071,0.24082478295185478,0.2701950916339493,78,-0.09562427984335231
Daegu,달성군,미래통합당,추경호,0.599661733615222,0.61371078483152,0.6095808680952618,0.7020849776374638,0.6733920477800179,78,0.092504109542202
Daegu,달성군,무소속,서상기,0.0374630021141649,0.02732298158515545,0.03030378362253269,0.031735069718495136,0.03143142991405054,78,0.0014312860959624467
Daegu,동구갑,더불어민주당,서재헌,0.39340691257624166,0.2975871313672922,0.31736042434594985,0.22954310653819393,0.2662540226625402,68,-0.08781731780775592
Daegu,동구갑,미래통합당,류성걸,0.554167876851583,0.6714496091832496,0.6472474452336,0.7312192962111788,0.6959545269595453,68,0.08397185097757875
Daegu,동구갑,정의당,양희,0.039500435666569855,0.02250500320960616,0.026012166981329975,0.026945539648738113,0.026657460266574604,68,0.0009333726674081375
Daegu,동구을,더불어민주당,이승천,0.41041185527328716,0.35142040533518104,0.36972882570780075,0.27690753568429893,0.30542694772772666,69,-0.09282129002350181
Daegu,동구을,미래통합당,강대식,0.5101039260969977,0.5688117096830071,0.5505913272010512,0.627125314861461,0.6033462243767816,69,0.07653398766040975
Daegu,동구을,무소속,송영선,0.029445727482678985,0.04122639875281483,0.03757018277386214,0.048344353484466834,0.04507326107086443,69,0.010774170710604693
Daegu,동구을,무소속,윤창중,0.020496535796766743,0.01771176164905595,0.01857603631585235,0.026041666666666668,0.023748570183561198,69,0.0074656303508143194
Daegu,북구갑,더불어민주당,이헌태,0.3818015546410608,0.2949357040800127,0.31381855229480904,0.22265147813339847,0.2579226843918881,71,-0.09116707416141057
Daegu,북구갑,미래통합당,양금희,0.4163237311385459,0.4715669153833942,0.45955818403200555,0.5234394087466406,0.49820174364961306,71,0.06388122471463509
Daegu,북구갑,정의당,조명래,0.04618198445358939,0.028607715510398476,0.032427999900603834,0.02873808942096262,0.030297324269870262,71,-0.0036899104796412133
Daegu,북구갑,무소속,정태옥,0.13866026520347507,0.19409430068264805,0.18204408220063117,0.2095498411922795,0.19922044174967518,71,0.027505758991648338
Daegu,북구을,더불어민주당,홍의락,0.43939801128728834,0.3957757971378358,0.40709322053594255,0.3021447089323592,0.33548995525923325,72,-0.10494851160358337
Daegu,북구을,미래통합당,김승수,0.5021051688614172,0.5627353753452172,0.5470053687219653,0.6495511323463244,0.616852355469778,72,0.10254576362435919
Daegu,북구을,정의당,이영재,0.04918032786885246,0.03612226964599548,0.039510075069142635,0.0394982109570844,0.03954294236336521,72,-1.1864112058238008e-05
Daegu,서구,더불어민주당,윤선진,0.302292467606436,0.20628125214055756,0.22489715910659563,0.15045783132530122,0.178084828347701,70,-0.07443932778129442
Daegu,서구,미래통합당,김상훈,0.5472020504058095,0.6496677854647579,0.6298003920377682,0.7007710843373494,0.6743924552002188,70,0.0709706922995812
Daegu,서구,정의당,장태수,0.048554748682899045,0.04565381190492499,0.04621628337152481,0.042216867469879515,0.04369054975333529,70,-0.003999415901645292
Daegu,서구,무소속,서중현,0.09070197921116332,0.09243783820809645,0.09210126722067309,0.09731726907630522,0.09539390378556885,70,0.0052160018556321325
Daegu,수성구갑,더불어민주당,김부겸,0.47160407974038016,0.44784494321738355,0.4544589275343615,0.3508658695343011,0.3929931751706207,73,-0.10359305800006041
Daegu,수성구갑,미래통합당,주호영,0.5191237830319889,0.5457390682285612,0.5383299993547138,0.6391134546170593,0.5981020474488138,73,0.10078345526234544
Daegu,수성구을,더불어민주당,이상식,0.34056353003721423,0.3031214385209573,0.31171175566560144,0.21131171113596423,0.25132104528610616,74,-0.10040004452963722
Daegu,수성구을,미래통합당,이인선,0.31015417331206807,0.33284791693047994,0.3276413046129827,0.3775523246525004,0.357716925742336,74,0.049911020039517695
Daegu,수성구을,무소속,홍준표,0.3416267942583732,0.3590287450930733,0.3550362256970702,0.405224476753475,0.38514846720246404,74,0.05018825105640479
Daegu,중구남구,더불어민주당,이재용,0.4337560122431133,0.35589430894308943,0.37342258096269315,0.2675678840474115,0.31011067576216417,67,-0.10585469691528165
Daegu,중구남구,미래통합당,곽상도,0.5505902929602099,0.6316565040650407,0.6134068313810415,0.7164417960160814,0.6749036074991024,67,0.10303496463503992
Daejeon,대덕구,더불어민주당,박영순,0.5903472630959388,0.5498131376047944,0.5588281495444549,0.4509401060101176,0.49395667046750286,106,-0.10788804353433734
Daejeon,대덕구,미래통합당,정용기,0.3577398469688052,0.41443049055587355,0.40182218033301914,0.5028574388369965,0.4624961127811755,106,0.10103525850397738
Daejeon,대덕구,무소속,김근식,0.026250735726898174,0.02673310662940642,0.026625824693685202,0.03249365493188763,0.030195915828755054,106,0.005867830238202431
Daejeon,대덕구,무소속,김낙천,0.013301942319011183,0.0031312077034443284,0.0053932348937061475,0.004920665066731124,0.005141494765211983,106,-0.0004725698269750231
Daejeon,동구,더불어민주당,장철민,0.633738462944348,0.5606680132026208,0.5761820686443802,0.4600703090669401,0.5101540150355931,102,-0.11611175957744008
Daejeon,동구,미래통합당,이장우,0.34752810015535046,0.4294792846938273,0.41207970353698997,0.5240369122601436,0.47563369037322867,102,0.11195720872315362
Daejeon,서구갑,더불어민주당,박병석,0.6667810569663692,0.6036318915665804,0.621062003902476,0.5132720588235294,0.5558867141162515,101,-0.10778994507894657
Daejeon,서구갑,미래통합당,이영규,0.31290322580645163,0.3838605856032656,0.3642752950537064,0.4697058823529412,0.4279359430604982,101,0.10543058729923477
Daejeon,서구을,더불어민주당,박범계,0.6589700864873442,0.6341243925642146,0.6402050644710269,0.5271865284245179,0.5750300901076738,100,-0.11301853604650902
Daejeon,서구을,미래통합당,양홍규,0.3227802904070459,0.35386830535057723,0.34625990368183934,0.4530337774151344,0.4077616212875313,100,0.10677387373329505
Daejeon,유성구갑,더불어민주당,조승래,0.6404738878143134,0.6276111257480522,0.6317058778253842,0.5209445445581585,0.5652798728036202,104,-0.1107613332672257
Daejeon,유성구갑,미래통합당,장동혁,0.3245486782720825,0.34671986149271705,0.3396618518613541,0.4462276019176499,0.4034815932161931,104,0.10656575005629576
Daejeon,유성구을,더불어민주당,이상민,0.5992491787893008,0.6358665937670859,0.6265210309475903,0.5062126686822506,0.5585556582513787,105,-0.1203083622653397
Daejeon,유성구을,미래통합당,김소연,0.33026748005631157,0.2960795034252082,0.3048050205997892,0.4201386328441855,0.3700061271328134,105,0.11533361224439631
Daejeon,유성구을,정의당,김윤기,0.06203660253402159,0.06416235165471328,0.06361981412283223,0.06797065113192242,0.06599648987984588,105,0.004350837009090197
Daejeon,중구,더불어민주당,황운하,0.6269257103731599,0.5561213763460955,0.5713027361312463,0.45439756370545825,0.5030804248861912,103,-0.11690517242578802
Daejeon,중구,미래통합당,이은권,0.35261896610749743,0.43381064729379337,0.41640210669260275,0.528605637835446,0.4817754172989378,103,0.11220353114284326
Gangwon,강릉시,더불어민주당,김경수,0.5101687581133708,0.43819600299241207,0.4474850143341152,0.3394871794871795,0.38763850700561436,178,-0.1079978348469357
Gangwon,강릉시,미래통합당,홍윤식,0.15173806433001585,0.08703644330447793,0.09538702111024237,0.12668896321070233,0.11281426478094078,178,0.03130194210045996
Gangwon,강릉시,무소속,권성동,0.23222270301456802,0.38967617826226353,0.3693547786589225,0.44071348940914157,0.40846600918715115,178,0.07135871075021905
Gangwon,강릉시,무소속,최명희,0.08409058127794605,0.07277973709522283,0.07423954726534868,0.07891490152359718,0.07703706142878311,178,0.004675354258248499
Gangwon,동해태백삼척정선,더불어민주당,김동완,0.5444240196078431,0.4884046381447421,0.49757573731023874,0.3752156213344373,0.43063644393873607,179,-0.12236011597580143
Gangwon,동해태백삼척정선,미래통합당,이철규,0.4042075163398693,0.4856057576969212,0.47227981007155756,0.5902435658593804,0.5360142529905828,179,0.11796375578782287
Gangwon,동해태백삼척정선,무소속,동다은,0.019505718954248366,0.010695721711315474,0.012138032501839096,0.015193541709790934,0.014223047325318521,179,0.0030555092079518377
Gangwon,동해태백삼척정선,무소속,장승호,0.02022058823529412,0.009156337465013995,0.010967698789540561,0.009728834609811634,0.010510083391972213,179,-0.0012388641797289272
Gangwon,속초인제고성양양,더불어민주당,이동기,0.539818349348427,0.5036920320079092,0.5105595035531979,0.3911093209322763,0.4419856521966801,180,-0.11945018262092161
Gangwon,속초인제고성양양,미래통합당,이양수,0.4070027642490457,0.4667717119288164,0.4554098688819938,0.5793588311759644,0.5256113525684663,180,0.12394896229397062
Gangwon,속초인제고성양양,무소속,황정기,0.04120047387126497,0.021009052429944077,0.024847362626363726,0.01841849905710467,0.021909200397968266,180,-0.0064288635692590565
Gangwon,원주시갑,더불어민주당,이광재,0.5809707416647766,0.5506541586923102,0.5572239561573812,0.4294490305240929,0.4856737832381116,176,-0.1277749256332883
Gangwon,원주시갑,미래통합당,박정하,0.3060784758448628,0.36234430395632666,0.35015113907252216,0.4599347283547706,0.4113041797328064,176,0.10978358928224846
Gangwon,원주시갑,무소속,권성중,0.10297119528237696,0.07944027860571644,0.08453957877663365,0.09863697446726818,0.09269083723527644,176,0.014097395690634534
Gangwon,원주시을,더불어민주당,송기헌,0.6364733085352368,0.6095013822053855,0.6163371381981247,0.47900579624717554,0.538863538432642,177,-0.1373313419509492
Gangwon,원주시을,미래통합당,이강후,0.3314567206192822,0.3681785604586874,0.35887178964533223,0.48845662638766085,0.43187970257101505,177,0.12958483674232862
Gangwon,춘천화천철원양구갑,더불어민주당,허영,0.627281746031746,0.5735531775496834,0.5832468229819223,0.4605553226308173,0.5132428494747335,175,-0.12269150035110504
Gangwon,춘천화천철원양구갑,미래통합당,김진태,0.3055555555555556,0.38726796243721334,0.3725255056380884,0.4898767903271616,0.43936814661452345,175,0.11735128468907319
Gangwon,춘천화천철원양구갑,정의당,엄재철,0.0566468253968254,0.034461672854335004,0.038464292106676214,0.04269735863346813,0.04094011195460471,175,0.004233066526791916
Gangwon,춘천화천철원양구을,더불어민주당,정만호,0.5865866957470011,0.5266975066645758,0.5425341715208489,0.4053771024342288,0.4635747180621532,174,-0.13715706908662012
Gangwon,춘천화천철원양구을,미래통합당,한기호,0.3973827699018539,0.45683707072291047,0.4411154045792722,0.5810305400611229,0.5207600536679117,174,0.1399151354818507
Gangwon,홍천횡성영월평창,더불어민주당,원경환,0.5009578544061303,0.44425831512503033,0.4557234166182452,0.3250019811395515,0.3840290318099736,181,-0.13072143547869375
Gangwon,홍천횡성영월평창,미래통합당,유상범,0.4117816091954023,0.43537266326778346,0.4306023629672671,0.53183295031302,0.48596159188776217,181,0.10123058734575291
Gangwon,홍천횡성영월평창,무소속,조일현,0.07624521072796935,0.11133770332605002,0.10424171993027309,0.1310563436088438,0.11897485761911376,181,0.02681462367857071
Gwangju,광산구갑,더불어민주당,이용빈,0.7861361863367882,0.7859590717712719,0.7859991921639907,0.7709977391972017,0.7777560076067539,98,-0.015001452966789008
Gwangju,광산구갑,정의당,나경채,0.052936587540398976,0.040601847318776724,0.04339594062405332,0.0446828477583927,0.044142223246700855,98,0.0012869071343393837
Gwangju,광산구을,더불어민주당,민형배,0.8390011726564117,0.8478110797906,0.8452185209995331,0.8370188495089368,0.8405515229396033,99,-0.008199671490596305
Gwangju,광산구을,정의당,김용재,0.06456508243084776,0.05853420008053846,0.06030895398169011,0.06281644604404318,0.06173375473205293,99,0.002507492062353074
Gwangju,동구남구갑,더불어민주당,윤영덕,0.8005713403335393,0.7913934551221447,0.793992260772611,0.7518927987610772,0.7723895484886718,97,-0.042099462011533806
Gwangju,동구남구을,더불어민주당,이병훈,0.7740389134317135,0.7306636479411348,0.7407012659329186,0.7020030816640986,0.7227672808355827,96,-0.03869818426881999
Gwangju,동구남구을,정의당,최만원,0.03129993420434252,0.015904910145747842,0.01946752512289555,0.020724191063174115,0.02006806712827133,96,0.001256665940278564
Gwangju,동구남구을,무소속,김성환,0.10207726290064856,0.15661525399745296,0.14399443163527212,0.15780688238315357,0.15026405351484567,96,0.013812450747881455
Gwangju,북구갑,더불어민주당,조오섭,0.6322455322455323,0.5841816758026624,0.5954263692716002,0.5573303642164315,0.5779895589488427,92,-0.03809600505516875
Gwangju,북구갑,미래통합당,범기철,0.028205128205128206,0.013834507961367789,0.017196560687862426,0.03132561077446845,0.02373233297746261,92,0.014129050086606025
Gwangju,북구갑,정의당,이승남,0.024786324786324785,0.014380294724852282,0.016814818854410937,0.017985996616919683,0.017493168261555187,92,0.001171177762508746
Gwangju,북구갑,무소속,김경진,0.30878010878010875,0.38442372036733824,0.3667266546690662,0.38772669849902575,0.37608352840925785,92,0.02100004382995957
Gwangju,북구을,더불어민주당,이형석,0.7981088944305902,0.7989123397643403,0.7986765468240173,0.7792005391516785,0.7882837935278993,93,-0.019476007672338813
Gwangju,북구을,정의당,황순영,0.03262676641729011,0.026436186283395918,0.02825298081907724,0.031113544781882257,0.029760300662068362,93,0.0028605639628050163
Gwangju,북구을,무소속,노남수,0.022236076475477973,0.01502006992101515,0.017137803799591376,0.02184687530713393,0.019599845590216828,93,0.004709071507542555
Gwangju,북구을,무소속,김원갑,0.006650041562759767,0.0020933143424403298,0.0034306101911993413,0.0039032335060303555,0.0038019767365638,93,0.00047262331483101426
Gwangju,서구갑,더불어민주당,송갑석,0.8186402689577885,0.8407254275512122,0.8351784960360276,0.8085990338164252,0.8218081320871091,95,-0.02657946221960239
Gwangju,서구갑,미래통합당,주동식,0.047067612999626446,0.030414082565933722,0.034596800675517195,0.049516908212560384,0.04202448166247569,95,0.01492010753704319
Gwangju,서구을,더불어민주당,양향자,0.7679145396105124,0.7834403607050143,0.779319516234255,0.73846911149397,0.7583002314041405,94,-0.04085040474028501
Gwangju,서구을,정의당,유종천,0.037530724144450744,0.026403880311517965,0.029357153610678977,0.03165148904750185,0.03052802217519892,94,0.002294335436822871
Gwangju,서구을,무소속,정광선,0.020892418226507847,0.006045907910916792,0.00998645054448738,0.011912380014767413,0.011025726695623121,94,0.0019259294702800335
Gyeongbuk,경산시,더불어민주당,전상헌,0.39612534595125437,0.32461505445571115,0.34113739969883866,0.2341541292947659,0.2718286063481793,231,-0.10698327040407277
Gyeongbuk,경산시,미래통합당,윤두현,0.5067404696009284,0.5866731047802993,0.5682047897027579,0.675443750900806,0.6375786333081707,231,0.1072389611980481
Gyeongbuk,경산시,무소속,이권우,0.0669583072939916,0.06263748055153173,0.06363580106850389,0.06185349845338537,0.0625759373090334,231,-0.0017823026151185181
Gyeongbuk,경주시,더불어민주당,정다은,0.28840315725561627,0.15613054484293504,0.17514510568348776,0.12169950930757847,0.14729492461041313,223,-0.05344559637590929
Gyeongbuk,경주시,미래통합당,김석기,0.4781420765027322,0.5112553303545642,0.5064952067846908,0.5446815691772464,0.5267501520089087,223,0.03818636239255557
Gyeongbuk,경주시,정의당,권영국,0.10180125480671928,0.12235605919029578,0.11940124812708203,0.11267751901757665,0.11571123089640849,223,-0.006723729109505375
Gyeongbuk,경주시,무소속,정종복,0.11060514065978547,0.20062520174648749,0.18768456424654148,0.2091933431991069,0.1986431923920395,223,0.02150877895256542
Gyeongbuk,고령성주칠곡,더불어민주당,장세호,0.3296811657718856,0.27214832009046813,0.2844371635853031,0.20857533029500322,0.24020917847461212,233,-0.07586183329029986
Gyeongbuk,고령성주칠곡,미래통합당,정희용,0.5265695190095322,0.5846204207957623,0.5722209220688041,0.6666118231626055,0.6271124526560667,233,0.09439090109380133
Gyeongbuk,고령성주칠곡,무소속,김현기,0.13103977210474416,0.13472011427551112,0.13393400421249707,0.1141183632504648,0.12234441389652587,233,-0.01981564096203227
Gyeongbuk,구미시갑,더불어민주당,김철호,0.4286224550541731,0.37729771263077017,0.38750384733764237,0.27152738667706394,0.3158610082801295,227,-0.11597646066057843
Gyeongbuk,구미시갑,미래통합당,구자근,0.5357780688177164,0.5998285950706307,0.5870918862608613,0.6984071972158443,0.6557844662624962,227,0.11131531095498304
Gyeongbuk,구미시을,더불어민주당,김현권,0.4120445247835601,0.4081078924267816,0.40927107637815197,0.326168070001651,0.3569304109021193,226,-0.08310300637650098
Gyeongbuk,구미시을,미래통합당,김영식,0.5017600608885929,0.5174766578884367,0.5128327664239732,0.5947994056463596,0.5643504844810612,226,0.08196663922238634
Gyeongbuk,구미시을,무소속,김봉교,0.0756350489962896,0.06695395419359987,0.06951901723217047,0.07044741621264652,0.070138349137261,226,0.0009283989804760584
Gyeongbuk,군위의성청송영덕,더불어민주당,강부송,0.3266243414831825,0.18829736429172447,0.2082295235129243,0.16296082647228485,0.18924342542906558,232,-0.04526869704063946
Gyeongbuk,군위의성청송영덕,미래통합당,김희국,0.654059165203296,0.7953971755395356,0.7750311429461227,0.8182390266925377,0.7930728635416204,232,0.04320788374641493
Gyeongbuk,김천시,더불어민주당,배영애,0.3489777777777778,0.2281353468464831,0.24402674521905832,0.1718897108271688,0.2100987516303335,224,-0.07213703439188951
Gyeongbuk,김천시,미래통합당,송언석,0.5841777777777778,0.7291447952838569,0.7100808902604386,0.7850975117686617,0.745208372150798,224,0.07501662150822308
Gyeongbuk,김천시,무소속,이상영,0.02471111111111111,0.022315540122210556,0.02263056997241315,0.02082044384667115,0.021775045028259114,224,-0.0018101261257419989
Gyeongbuk,김천시,무소속,이성룡,0.027555555555555555,0.010013728498748284,0.012320568569691869,0.010490921318090114,0.01150239115582883,224,-0.0018296472516017553
Gyeongbuk,상주문경,더불어민주당,정용운,0.35924170616113743,0.1896777632192587,0.21356889380699812,0.14397561433910266,0.1807075289861519,230,-0.06959327946789545
Gyeongbuk,상주문경,미래통합당,임이자,0.4937034529451591,0.6257967087876701,0.6071851032166978,0.693529866171159,0.648004823611976,230,0.08634476295446114
Gyeongbuk,상주문경,무소속,이한성,0.13486797562626945,0.1742654733616114,0.16871446560079367,0.14971710127982962,0.1594065375757396,230,-0.01899736432096405
Gyeongbuk,안동예천,더불어민주당,이삼걸,0.4002375296912114,0.2795071852235182,0.2982992739983867,0.2258555374153973,0.2614521430768982,225,-0.07244373658298939
Gyeongbuk,안동예천,미래통합당,김형동,0.3940833513280069,0.46793519366267267,0.4564399031997849,0.48561555897224556,0.471064008938258,225,0.029175655772460674
Gyeongbuk,안동예천,무소속,권택기,0.11973655797883827,0.19461804864456034,0.18296248991664427,0.2239534625687521,0.2032077335362793,225,0.04099097265210783
Gyeongbuk,안동예천,무소속,권오을,0.06834377024400777,0.04362883643167071,0.0474757999462221,0.04802738987779169,0.048067425554997815,225,0.0005515899315695905
Gyeongbuk,영주영양봉화울진,더불어민주당,황재선,0.36490284736649153,0.23158267159367874,0.25005502971604665,0.1735475736316317,0.21079457316622757,228,-0.07650745608441495
Gyeongbuk,영주영양봉화울진,미래통합당,박형수,0.452156910668459,0.5495321959273528,0.5360402309554851,0.5792570560279331,0.5583269724800761,228,0.04321682507244795
Gyeongbuk,영주영양봉화울진,무소속,장윤석,0.170719784919956,0.2078190109285321,0.20267867725494845,0.23356826484756393,0.2182470309178506,228,0.03088958759261548
Gyeongbuk,영천청도,더불어민주당,정우동,0.35534746180384424,0.26130828114126653,0.2805184998741505,0.18023862636350613,0.22563699629588058,229,-0.10027987351064438
Gyeongbuk,영천청도,미래통합당,이만희,0.5423854115327748,0.6045739229455305,0.5918701233324943,0.6912387696211858,0.6463127174767089,229,0.09936864628869146
Gyeongbuk,영천청도,무소속,김장주,0.09277969443075407,0.12671601189346493,0.11978353888749056,0.117491762683421,0.11827365585363116,229,-0.002291776204069562
Gyeongbuk,포항시남구울릉,더불어민주당,허대만,0.40264914925694595,0.39423202061479995,0.39587045383083536,0.31351055402823724,0.34313183942194286,221,-0.08235989980259811
Gyeongbuk,포항시남구울릉,미래통합당,김병욱,0.47264699547706224,0.5062338946875244,0.49969604863221884,0.5914682447229859,0.5583058387949181,221,0.09177219609076703
Gyeongbuk,포항시남구울릉,무소속,박승호,0.10650441524876157,0.08425518623597698,0.08858610208573525,0.07866595219234891,0.08236418195661586,221,-0.00992014989338634
Gyeongbuk,포항시북구,더불어민주당,오중기,0.4259892954286216,0.35196998123827394,0.3675814719544016,0.28390539547792015,0.31389141782979757,222,-0.08367607647648145
Gyeongbuk,포항시북구,미래통합당,김정재,0.5145213652715627,0.6119606003752345,0.5914095897255585,0.6794955513835605,0.6478054978811478,222,0.08808596165800209
Gyeongbuk,포항시북구,정의당,박창호,0.04571378432920944,0.029291744840525328,0.032755334307974164,0.028109950208146273,0.029853874519410257,222,-0.004645384099827891
Gyeonggi,고양시갑,더불어민주당,문명순,0.3456959080333926,0.32406864573895433,0.33013041810510163,0.24056676590583306,0.2736617627586399,138,-0.08956365219926857
Gyeonggi,고양시갑,미래통합당,이경환,0.25297659778294784,0.2809518733677983,0.2731108553893364,0.35933399492777596,0.32756758263584473,138,0.08622313953843957
Gyeonggi,고양시갑,정의당,심상정,0.39482687833584235,0.39146191973565,0.3924050632911392,0.39501598853236297,0.3938644235526967,138,0.0026109252412237494
Gyeonggi,고양시병,더불어민주당,홍정민,0.6304801670146137,0.6150641105131321,0.6190142403895816,0.4973958333333333,0.5426830508129944,140,-0.12161840705624832
Gyeonggi,고양시병,미래통합당,김영환,0.355985890144698,0.37806602018799135,0.37240832288054304,0.49191735822959887,0.447204505866166,140,0.11950903534905583
Gyeonggi,고양시을,더불어민주당,한준호,0.603672532517215,0.6011476039565927,0.6018382865913213,0.47818058525898494,0.5247358090806286,139,-0.12365770133233639
Gyeonggi,고양시을,미래통합당,함경우,0.2790104565161948,0.30010563718428884,0.2943351472024557,0.39600438161806895,0.35766186161985103,139,0.10166923441561326
Gyeonggi,고양시을,정의당,박원석,0.07147411374649325,0.06362239508306924,0.06577019673503558,0.08183193364978353,0.07570873357336903,139,0.01606173691474795
Gyeonggi,고양시을,무소속,박종원,0.026141290487120633,0.015941611447229425,0.018731686898283802,0.021720306713264827,0.02068683139874956,139,0.002988619814981025
Gyeonggi,고양시정,더불어민주당,이용우,0.61428872201558,0.6301115241635687,0.6259410665729453,0.48694184643234273,0.5342421473372744,141,-0.13899922014060262
Gyeonggi,고양시정,미래통합당,김현아,0.3650782511053407,0.35805787199839245,0.35990825178964503,0.49462588625735404,0.44873779286251547,141,0.134717634467709
Gyeonggi,광명시갑,더불어민주당,임오경,0.5671362852213916,0.5428266629959737,0.5475218658892128,0.42922332078131664,0.47666481994459836,129,-0.11829854510789617
Gyeonggi,광명시갑,미래통합당,양주상,0.2971535365152386,0.3144292645996077,0.3110926003054283,0.40930085885473666,0.3698614958448753,129,0.09820825854930837
Gyeonggi,광명시갑,무소속,김경표,0.06152961472110408,0.0691696204274063,0.06769401638206303,0.07349422174405015,0.07113573407202216,129,0.0058002053619871236
Gyeonggi,광명시갑,무소속,권태진,0.029327199539965498,0.02522454317079046,0.02601693738719978,0.024801053627409152,0.025340720221606647,129,-0.0012158837597906272
Gyeonggi,광명시을,더불어민주당,양기대,0.6827260458839406,0.7150384280167974,0.7077055004287639,0.6032312247831131,0.6409676814678413,130,-0.10447427564565082
Gyeonggi,광명시을,미래통합당,김용태,0.26720647773279355,0.2418191902384914,0.24758054636775695,0.33761623577897454,0.3051129660054471,130,0.09003568941121759
Gyeonggi,광명시을,무소속,김기윤,0.04304993252361673,0.039220347040646544,0.04008942790640696,0.05373253216505913,0.04878102568060778,130,0.013643104258652172
Gyeonggi,광주시갑,더불어민주당,소병훈,0.6257280578429404,0.615456492116021,0.6183261790533906,0.5270153134932101,0.5614977211343687,166,-0.09131086556018053
Gyeonggi,광주시갑,미래통합당,조억동,0.35870656758385217,0.3754720654078256,0.37078809303369525,0.461036422659211,0.4269602464550979,166,0.09024832962551577
Gyeonggi,광주시을,더불어민주당,임종성,0.6561335403726708,0.6343399667435499,0.6432446150429845,0.5295237779838389,0.5688081351228291,165,-0.1137208370591456
Gyeonggi,광주시을,미래통합당,이종구,0.33237577639751553,0.35959877702086573,0.34847571614376804,0.46064048218307063,0.42182519893324083,165,0.11216476603930259
Gyeonggi,구리시,더불어민주당,윤호중,0.6737655043295109,0.6657360572817447,0.6674958965941732,0.5418564318044021,0.5864886680028659,143,-0.12563946478977106
Gyeonggi,구리시,미래통합당,나태근,0.3035338169904049,0.3208303225382645,0.3170393926959376,0.4367253704826497,0.39411225887196977,143,0.11968597778671208
Gyeonggi,군포시,더불어민주당,이학영,0.658291024868772,0.6484448840531927,0.6504482106590097,0.5308366565325542,0.5741754438949501,150,-0.11961155412645552
Gyeonggi,군포시,미래통합당,심규철,0.3176146631098873,0.332761841960655,0.32967994957630087,0.44579894973743434,0.40373362527841744,150,0.11611900016113347
Gyeonggi,김포시갑,더불어민주당,김주영,0.5727989767640163,0.5922233300099701,0.5870840383530739,0.5012268956871949,0.5288597749686453,161,-0.08585714266587896
Gyeonggi,김포시갑,미래통합당,박진호,0.32136005116179917,0.32920469361147325,0.32712915961646927,0.41263702557810794,0.38491730503749017,161,0.08550786596163867
Gyeonggi,김포시갑,무소속,유영록,0.09656789597100832,0.0749290589769154,0.08065425831923294,0.08081508548262342,0.08095354104070235,161,0.00016082716339048397
Gyeonggi,김포시을,더불어민주당,박상혁,0.6017053529133112,0.5935365702222775,0.595552645731522,0.5051986531986532,0.5383213077886344,160,-0.0903539925328688
Gyeonggi,김포시을,미래통합당,홍철호,0.37555660824253906,0.39339376629827394,0.38899151214721633,0.476969696969697,0.44467539547998536,160,0.08797818482248065
Gyeonggi,남양주시갑,더불어민주당,조응천,0.6635564717370077,0.6477440972492792,0.651922139724221,0.5421328027120642,0.5795683704335686,146,-0.10978933701215676
Gyeonggi,남양주시갑,미래통합당,심장수,0.29554084843224476,0.32280059222317464,0.31559785568901755,0.4154617142014887,0.3811952222136043,146,0.09986385851247115
Gyeonggi,남양주시병,더불어민주당,김용민,0.5810832529733205,0.5777758017665541,0.5786670131219955,0.46309245505513374,0.500798894804044,144,-0.11557455806686179
Gyeonggi,남양주시병,미래통합당,주광덕,0.3797010607521697,0.4000237121346849,0.394547659261184,0.5078614725779423,0.47089441331816945,144,0.11331381331675833
Gyeonggi,남양주시병,정의당,장형진,0.03077788492446159,0.017873021518762227,0.02135030964445022,0.022570701532987153,0.02213880535573495,144,0.0012203918885369328
Gyeonggi,남양주시을,더불어민주당,김한정,0.6439847577572129,0.6832486933313563,0.6718597857838364,0.5513402910934665,0.5908371196475286,145,-0.12051949469036993
Gyeonggi,남양주시을,미래통합당,김용식,0.2648339684267828,0.2423916669755718,0.2489012868759704,0.34660970054177875,0.3143157097618064,145,0.09770841366580835
Gyeonggi,남양주시을,무소속,이석우,0.08002177463255307,0.06968899432850206,0.0726861233190347,0.09457320447321348,0.08763596310064711,145,0.02188708115417877
Gyeonggi,동두천시연천군,더불어민주당,서동욱,0.5634499175975096,0.4969442322383499,0.508422616225783,0.40258736726656363,0.45018042056656205,133,-0.10583524895921936
Gyeonggi,동두천시연천군,미래통합당,김성원,0.41842153451748765,0.49152024446142095,0.47890395373091876,0.5833291789221796,0.5361048513085676,133,0.10442522519126085
Gyeonggi,부천시갑,더불어민주당,김경협,0.674914350970689,0.6514405675401767,0.6615821067346436,0.5613656465593491,0.5917552207894672,170,-0.10021646017529451
Gyeonggi,부천시갑,미래통합당,이음재,0.27188808526836694,0.3078036774286955,0.292286818518214,0.3907659649743499,0.3607830567814788,170,0.09847914645613592
Gyeonggi,부천시갑,정의당,김선자,0.04054054054054054,0.032865209208049806,0.03618123509579804,0.037183796214399434,0.036909194013659115,170,0.0010025611186013916
Gyeonggi,부천시병,더불어민주당,김상희,0.6848058214031479,0.680362215909091,0.6817390878121706,0.5698658529564166,0.6055735529448499,172,-0.11187323485575407
Gyeonggi,부천시병,미래통합당,차명진,0.25128529621134227,0.2597301136363636,0.257113447540622,0.356819621164143,0.32506147301042115,172,0.09970617362352102
Gyeonggi,부천시병,정의당,신현자,0.054971130269714466,0.054367897727272727,0.054554812146165726,0.06357303241407104,0.06059872760626049,172,0.009018220267905316
Gyeonggi,부천시을,더불어민주당,설훈,0.608216199425332,0.6359837267871474,0.628688022852479,0.5089109518307584,0.5490737786707757,171,-0.11977707102172064
Gyeonggi,부천시을,미래통합당,서영석,0.3291139240506329,0.31569479423241914,0.3192205672311773,0.4348933037494504,0.3960181646630781,171,0.11567273651827309
Gyeonggi,부천시을,정의당,이미숙,0.04628407237710647,0.038136883181579165,0.04027749438890022,0.042545577243586465,0.041827598612534704,171,0.002268082854686243
Gyeonggi,부천시정,더불어민주당,서영석,0.6454373820012587,0.6578467153284672,0.6538035677670699,0.5337775221295498,0.5674629532076682,173,-0.12002604563752017
Gyeonggi,부천시정,미래통합당,안병도,0.2776589049716803,0.28722627737226275,0.2841090834529424,0.4005528392931326,0.36753624516158584,173,0.11644375584019023
Gyeonggi,부천시정,정의당,구자호,0.06733794839521712,0.049635036496350364,0.05540291162599959,0.05739302719458026,0.057076109113396396,173,0.0019901155685806693
Gyeonggi,성남시분당구갑,더불어민주당,김병관,0.578385436669483,0.581228846654517,0.58060259511766,0.4395597549579483,0.4934668794176263,123,-0.1410428401597117
Gyeonggi,성남시분당구갑,미래통합당,김은혜,0.4117059682003226,0.41410656946975616,0.4135778450711374,0.5546983698473679,0.5006952855156327,123,0.1411205247762305
Gyeonggi,성남시분당구을,더불어민주당,김병욱,0.5661200420066241,0.5743419149551634,0.5724523327701762,0.42228546161608144,0.47942094009604264,122,-0.15016687115409472
Gyeonggi,성남시분당구을,미래통합당,김민수,0.36254947895629697,0.36659917076463217,0.36566845515474444,0.5034976927699233,0.451063829787234,122,0.13782923761517885
Gyeonggi,성남시분당구을,정의당,양호영,0.02463850068664674,0.01887474689036737,0.020199394760781985,0.02181381163478872,0.021178449998247396,122,0.0016144168740067355
Gyeonggi,성남시분당구을,무소속,이나영,0.03764439777041764,0.03341047150708707,0.03438352858177227,0.04300404757315677,0.039692944021872484,122,0.008620518991384496
Gyeonggi,성남시수정구,더불어민주당,김태년,0.6679325535470151,0.6569817044269599,0.659585997615693,0.5592386595488974,0.6031417065071477,120,-0.10034733806679563
Gyeonggi,성남시수정구,미래통합당,염오봉,0.2879386298040407,0.3074699023604133,0.30282504244788844,0.40117107800665197,0.3581090098364774,120,0.09834603555876353
Gyeonggi,성남시중원구,더불어민주당,윤영찬,0.6319950395287552,0.5993462230443707,0.6073904325408193,0.49899242479958816,0.5462082560296846,121,-0.1083980077412311
Gyeonggi,성남시중원구,미래통합당,신상진,0.32708107270190667,0.36654587841775843,0.35682230497469686,0.46310215488710743,0.41673568778160613,121,0.10627984991241057
Gyeonggi,수원시갑,더불어민주당,김승원,0.6767772511848341,0.6479792463134899,0.6549092794193883,0.5541354958774449,0.5917057288660031,115,-0.10077378354194333
Gyeonggi,수원시갑,미래통합당,이창성,0.3061611374407583,0.34347351174221735,0.3344945567651633,0.432504714132538,0.3958405492568561,115,0.09801015736737467
Gyeonggi,수원시무,더불어민주당,김진표,0.6200329347748263,0.6096046470868074,0.6123066077987608,0.5174871980111765,0.5521834281674017,117,-0.0948194097875843
Gyeonggi,수원시무,미래통합당,박재순,0.3110904274360994,0.3349107388767871,0.32873891589062443,0.41367953594118523,0.38243156796067473,117,0.0849406200505608
Gyeonggi,수원시무,정의당,이병진,0.05964058137037302,0.05020155737499687,0.052647200682669835,0.061311433610267085,0.05826739840409414,117,0.00866423292759725
Gyeonggi,수원시병,더불어민주당,김영진,0.6183549602344077,0.5844721376478086,0.5930374054282842,0.48886225856478216,0.5307419154294385,118,-0.10417514686350204
Gyeonggi,수원시병,미래통합당,김용남,0.33057764755127667,0.37874389294059335,0.36656790645997567,0.46508881996334417,0.42542385382969977,118,0.0985209135033685
Gyeonggi,수원시병,정의당,박예휘,0.03285893679363751,0.020710897118176023,0.02378181048621766,0.026399266882842238,0.02537327587115265,118,0.0026174563966245776
Gyeonggi,수원시을,더불어민주당,백혜련,0.6663926565282915,0.6712731292912836,0.669818256075148,0.5727000323036994,0.6068658431485205,116,-0.09711822377144863
Gyeonggi,수원시을,미래통합당,정미경,0.31826277572270173,0.32267543349237754,0.32136001633653255,0.41658405088389605,0.3830364837690319,116,0.0952240345473635
Gyeonggi,수원시정,더불어민주당,박광온,0.6267056530214425,0.6462812055361532,0.6409777626888474,0.5326609537915389,0.5742736492583101,119,-0.10831680889730855
Gyeonggi,수원시정,미래통합당,홍종기,0.31954887218045114,0.31969990945543914,0.3196589901733341,0.41708690388028824,0.3795791677193489,119,0.09742791370695414
Gyeonggi,수원시정,무소속,임종훈,0.034600389863547756,0.023800284568619844,0.026726267941681283,0.03452410339598688,0.031551593460136425,119,0.0077978354543056
Gyeonggi,시흥시갑,더불어민주당,문정복,0.564025571483921,0.5873724117818606,0.581969785269198,0.4845688868613139,0.5171795547854909,148,-0.09740089840788407
Gyeonggi,시흥시갑,미래통합당,함진규,0.3903525765207284,0.3862058909303004,0.3871654637557717,0.4802007299270073,0.4489434630306226,148,0.09303526617123559
Gyeonggi,시흥시갑,정의당,양범진,0.033804726850058114,0.021434820647419073,0.024297305778455194,0.028809306569343066,0.027285396813439302,148,0.004512000790887871
Gyeonggi,시흥시을,더불어민주당,조정식,0.6910219070533113,0.7308084179461055,0.7221672167216722,0.6420365926814637,0.6702402492477093,149,-0.08013062404020843
Gyeonggi,시흥시을,미래통합당,김승,0.2902367987843485,0.25935424937638335,0.2660616061606161,0.34374625074985005,0.3163975191338255,149,0.07768464458923396
Gyeonggi,안산시단원구갑,더불어민주당,고영인,0.6033128415300546,0.6162316872028718,0.6133736305251227,0.5270787071305206,0.5574516646983108,136,-0.0862949233946021
Gyeonggi,안산시단원구갑,미래통합당,김명연,0.35348360655737704,0.36198699912680704,0.3601057801284473,0.4412163829262275,0.41250547379874997,136,0.0811106027977802
Gyeonggi,안산시단원구을,더불어민주당,김남국,0.604485488126649,0.5865719459534754,0.5912353607857952,0.4702516727493917,0.5132545084811807,137,-0.12098368803640347
Gyeonggi,안산시단원구을,미래통합당,박순자,0.3733509234828496,0.40228444072990666,0.39475220661469246,0.5096753345498783,0.46877245107947835,137,0.11492312793518589
Gyeonggi,안산시상록구갑,더불어민주당,전해철,0.6521795036646522,0.6543423057389538,0.6538915094339622,0.5450035660511926,0.5855780774077051,135,-0.10888794338276964
Gyeonggi,안산시상록구갑,미래통합당,박주원,0.30564485019930565,0.3192144912815304,0.31638614922813035,0.4191932799746414,0.38065898740959014,135,0.10280713074651104
Gyeonggi,안산시상록구을,더불어민주당,김철민,0.6498721612272522,0.6472419928825622,0.6478925635207023,0.5384344584800166,0.5777456800593661,134,-0.10945810504068576
Gyeonggi,안산시상록구을,미래통합당,홍장표,0.3320800120318845,0.3419335705812574,0.3394962985007998,0.44553737833920065,0.4074393088094986,134,0.10604107983840083
Gyeonggi,안성시,더불어민주당,이규민,0.583699151302312,0.5579425556858147,0.5622405625824095,0.4794065624661589,0.514459838380912,159,-0.08283400011625058
Gyeonggi,안성시,미래통합당,김학용,0.3999122036874451,0.43165298944900354,0.42635639986326124,0.5044399523517309,0.4713441700207973,159,0.07808355248846965
Gyeonggi,안양시동안구갑,더불어민주당,민병덕,0.6350764778834229,0.6275640166242124,0.629403725450496,0.5047477553129642,0.5533730762809244,127,-0.12465597013753182
Gyeonggi,안양시동안구갑,미래통합당,임호영,0.3138693675072344,0.33436117442016355,0.32934298440979953,0.4415250952780828,0.3976586362341757,127,0.11218211086828328
Gyeonggi,안양시동안구갑,정의당,이성재,0.04412980570483671,0.03338249095052956,0.0360143753796315,0.046815451198243006,0.04266310486049047,127,0.010801075818611505
Gyeonggi,안양시동안구을,더불어민주당,이재정,0.5994272195243432,0.6132982225148124,0.6103980630548541,0.49189219729928246,0.5415387295572831,128,-0.11850586575557165
Gyeonggi,안양시동안구을,미래통합당,심재철,0.3562445523596065,0.3542132982225148,0.35463799432454246,0.4625873401510443,0.41731451841205547,128,0.10794934582650184
Gyeonggi,안양시동안구을,정의당,추혜선,0.03312165359232972,0.026695194206714946,0.028038843039754235,0.03555756445750231,0.032447028592582916,128,0.007518721417748071
Gyeonggi,안양시만안구,더불어민주당,강득구,0.6227086183310534,0.5933607348068616,0.5988474194813388,0.4904402175250375,0.5360864393621038,126,-0.10840720195630127
Gyeonggi,안양시만안구,미래통합당,이필운,0.32466940264477884,0.3730864404647066,0.3640347138156212,0.46676837520608283,0.42335059366519706,126,0.10273366139046164
Gyeonggi,안양시만안구,정의당,이종태,0.04286365709074327,0.02837310741098016,0.031082163986973794,0.03511405300327272,0.03351875725610581,126,0.004031889016298928
Gyeonggi,양주시,더불어민주당,정성호,0.6881780561458449,0.6855874731212439,0.6860997456596263,0.5855462389481534,0.6264506358153581,167,-0.1005535067114729
Gyeonggi,양주시,미래통합당,안기영,0.29504529694665027,0.3053702376357722,0.30332854141324783,0.4029035350691644,0.36216831408113703,167,0.09957499365591654
Gyeonggi,여주양평,더불어민주당,최재관,0.4855352390763156,0.4784055459272097,0.4799177044643507,0.34227120688709767,0.4017667954630437,169,-0.13764649757725306
Gyeonggi,여주양평,미래통합당,김선교,0.4566915615074255,0.4770421721548238,0.4727259485834972,0.6088309480725996,0.5497865511653994,169,0.13610499948910243
Gyeonggi,여주양평,정의당,유상진,0.0453257790368272,0.03454650491045638,0.03683271429611827,0.03454515545319954,0.03563193319207279,169,-0.00228755884291873
Gyeonggi,오산시,더불어민주당,안민석,0.6666289976268505,0.6233246945575712,0.6340109874787362,0.5345203040471136,0.5671762087504465,147,-0.0994906834316226
Gyeonggi,오산시,미래통합당,최윤희,0.3123516781557238,0.357571269900037,0.3464123372096266,0.4420872423474628,0.4106316917468837,147,0.09567490513783622
Gyeonggi,용인시갑,더불어민주당,오세영,0.5467783036039315,0.5243839035042113,0.5293594306049823,0.4160371090385609,0.4593658670238675,152,-0.11332232156642136
Gyeonggi,용인시갑,미래통합당,정찬민,0.4413906079359301,0.4683633149630862,0.46237059204141057,0.5745010704530354,0.5314326595226497,152,0.11213047841162488
Gyeonggi,용인시병,더불어민주당,정춘숙,0.5901062291784525,0.612095646392627,0.606218922187878,0.46336614553175065,0.515597539543058,155,-0.14285277665612733
Gyeonggi,용인시병,미래통합당,이상일,0.40096800553146017,0.3841903757536853,0.3886742373336917,0.5317506272920286,0.47941075961726226,155,0.14307638995833688
Gyeonggi,용인시을,더불어민주당,김민기,0.6529569716418888,0.676412852567414,0.6697786422154303,0.5614786978001098,0.6008721981805758,153,-0.10829994441532043
Gyeonggi,용인시을,미래통합당,이원섭,0.33066998493680005,0.31415952061163344,0.31882930443641755,0.4250517248659376,0.38633288227334234,153,0.10622242042952007
Gyeonggi,용인시정,더불어민주당,이탄희,0.6058383766464934,0.6254314441498674,0.6203379791585688,0.4854299101995917,0.5346439124404511,154,-0.1349080689589771
Gyeonggi,용인시정,미래통합당,김범수,0.3556425774296903,0.35390925916662497,0.3543598571084828,0.48617031403699906,0.4379183501175903,154,0.13181045692851628
Gyeonggi,용인시정,정의당,노경래,0.025631897472410112,0.014206392876794557,0.017176596886741814,0.02045630030779645,0.019363873310686314,154,0.0032797034210546375
Gyeonggi,의왕과천,더불어민주당,이소영,0.5414765502281397,0.5010998900109989,0.5112135349333933,0.3832104312155101,0.43386212227170673,142,-0.1280031037178832
Gyeonggi,의왕과천,미래통합당,신계용,0.3004712394345127,0.3275172482751725,0.32074269761864616,0.4180788201396689,0.37952077735654605,142,0.09733612252102275
Gyeonggi,의왕과천,정의당,황순식,0.0388211534146159,0.0287971202879712,0.031307964701253445,0.0352346535136983,0.03372225698406272,142,0.003926688812444852
Gyeonggi,의정부시갑,더불어민주당,오영환,0.6324638930804053,0.5813091405716515,0.5931652968949065,0.4902681041885316,0.5303207702356185,124,-0.10289719270637487
Gyeonggi,의정부시갑,미래통합당,강세창,0.27743048070704895,0.33069944395668716,0.3183532762109365,0.40942340107496106,0.37393197542212975,124,0.09107012486402455
Gyeonggi,의정부시갑,무소속,문석균,0.07814184091399008,0.08018729880011706,0.07971322225275411,0.08927265210062653,0.08557743480574774,124,0.00955942984787242
Gyeonggi,의정부시을,더불어민주당,김민철,0.6282327586206896,0.6223382169760958,0.6238016676327641,0.5247590763076551,0.5598814105572765,125,-0.09904259132510906
Gyeonggi,의정부시을,미래통합당,이형섭,0.3139367816091954,0.3310991161990628,0.32683818611495075,0.42208618704163886,0.3883100222159642,125,0.09524800092668811
Gyeonggi,이천시,더불어민주당,김용진,0.5336664287413752,0.5144609287129773,0.5179898574801084,0.4121309114187405,0.45685017793267063,158,-0.10585894606136792
Gyeonggi,이천시,미래통합당,송석준,0.4227932429217226,0.467034438433935,0.45890530733583984,0.5653356805633352,0.5199496087320343,158,0.10643037322749532
Gyeonggi,이천시,무소속,홍준의,0.03140613847251963,0.012880938353596487,0.016284864912127307,0.014371449147795472,0.015420831455921434,158,-0.0019134157643318356
Gyeonggi,파주시갑,더불어민주당,윤후덕,0.661550447993767,0.6849429000991651,0.6781340711175616,0.5772104148446309,0.6093110883471707,157,-0.10092365627293076
Gyeonggi,파주시갑,미래통합당,신보라,0.3214647448383327,0.3040209846134161,0.30909833091436867,0.40350673845926893,0.37337478599110296,157,0.09440840754490026
Gyeonggi,파주시을,더불어민주당,박정,0.6383599722029187,0.6211090418456159,0.6248134662448517,0.49290793005876804,0.543392891106611,156,-0.13190553618608364
Gyeonggi,파주시을,미래통합당,박용호,0.34496177901320363,0.3669947930523355,0.3622634751984719,0.49310745120800986,0.44291292332822413,156,0.13084397600953795
Gyeonggi,평택시갑,더불어민주당,홍기원,0.5623039635015683,0.5569850710037626,0.5582721898935069,0.472061083841539,0.5022276095141002,132,-0.08621110605196791
Gyeonggi,평택시갑,미래통합당,공재광,0.4010075087919399,0.4252336448598131,0.41937116176369116,0.5037309732758193,0.47412360623891214,132,0.08435981151212812
Gyeonggi,평택시갑,무소속,차화열,0.026043151791654787,0.012622891127564024,0.015870460243347057,0.016572462690267242,0.016383967633435817,132,0.0007020024469201851
Gyeonggi,평택시을,더불어민주당,김현정,0.5128361858190709,0.5275985663082438,0.5238360188729636,0.42505675116989844,0.4611094193258859,131,-0.09877926770306517
Gyeonggi,평택시을,미래통합당,유의동,0.42350681103737337,0.41583034647550776,0.41778687794890057,0.5119399388736002,0.47674418604651164,131,0.09415306092469966
Gyeonggi,평택시을,무소속,이인숙,0.021917568983583654,0.0246415770609319,0.023947298139410666,0.03028419971339074,0.028336512108730148,131,0.006336901573980074
Gyeonggi,평택시을,무소속,허승녕,0.01597974152986378,0.010543608124253286,0.011929137363126502,0.010995142860766235,0.011563797220842081,131,-0.0009339945023602667
Gyeonggi,포천가평,더불어민주당,이철휘,0.5583352817395371,0.5366233766233767,0.5409221368391816,0.4166243830434983,0.4668330595802861,168,-0.12429775379568325
Gyeonggi,포천가평,미래통합당,최춘식,0.4055412672433949,0.434949494949495,0.42912693269141744,0.5531927979457847,0.502583066462346,168,0.12406586525436725
Gyeonggi,하남시,더불어민주당,최종윤,0.584553565347681,0.5802000842927175,0.5812696606652834,0.4590259776074127,0.5077348469276114,151,-0.1222436830578707
Gyeonggi,하남시,미래통합당,이창근,0.3000749165701832,0.2804951088041525,0.2853055351047453,0.3637637195962716,0.33247574779028055,151,0.07845818449152625
Gyeonggi,하남시,무소속,이현재,0.1093781924674794,0.1352232647900446,0.12887356937286662,0.1717500413656169,0.15467041528800948,151,0.04287647199275027
Gyeonggi,화성시갑,더불어민주당,송옥주,0.5262274443978179,0.5584064624861975,0.5501305877528114,0.46174618721141736,0.4965312441834887,162,-0.08838440054139407
Gyeonggi,화성시갑,미래통합당,최영근,0.41107847251363827,0.38373917591677803,0.3907703598178247,0.4762977473065622,0.44240173268583227,162,0.0855273874887375
Gyeonggi,화성시갑,무소속,김용,0.03810323122114981,0.037717208112977275,0.03781648643398303,0.038015950748565834,0.038097091321342154,162,0.00019946431458280067
Gyeonggi,화성시병,더불어민주당,권칠승,0.6755619093002938,0.7030726702461326,0.6961742974926812,0.6145716187372334,0.6445063838744565,164,-0.0816026787554478
Gyeonggi,화성시병,미래통합당,석호현,0.3058533873401636,0.2882887672106746,0.29269312727779656,0.3735282642124349,0.34388723152523426,164,0.08083513693463834
Gyeonggi,화성시을,더불어민주당,이원욱,0.6653835386338186,0.7123077696250879,0.699911249167961,0.6153916553961297,0.6453453748241222,163,-0.08451959377183127
Gyeonggi,화성시을,미래통합당,임명배,0.3235582306830907,0.2809578852145944,0.2922121144885733,0.37489703983160294,0.3455515199109977,163,0.08268492534302962
Gyeongnam,거제시,더불어민주당,문상모,0.4572514249525016,0.42877652653775405,0.4330608122272407,0.3438181292847574,0.3803596448449099,241,-0.08924268294248328
Gyeongnam,거제시,미래통합당,서일준,0.43090563647878405,0.4705908744223608,0.46461989975797074,0.5401092695227339,0.5089369344263565,241,0.07548936976476311
Gyeongnam,거제시,무소속,김해연,0.06409119696010133,0.07981515545784916,0.07744935490633278,0.09000288933834152,0.08477895698350402,241,0.01255353443200874
Gyeongnam,거제시,무소속,염용하,0.029385687143761875,0.011642514244694693,0.014312122424866121,0.014236558010033883,0.01442140219688349,241,-7.556441483223819e-05
Gyeongnam,김해시갑,더불어민주당,민홍철,0.5848097112860893,0.577492164532666,0.5791644017919064,0.466416208560386,0.5106435679629333,238,-0.11274819323152041
Gyeongnam,김해시갑,미래통합당,홍태용,0.36819225721784776,0.3934740882917466,0.38769657550936254,0.4921141704875531,0.45087640056532574,238,0.10441759497819059
Gyeongnam,김해시갑,정의당,하대용,0.03453083989501313,0.021963604557933867,0.02483552323292909,0.03081114818637924,0.028666967785176228,238,0.0059756249534501475
Gyeongnam,김해시을,더불어민주당,김정호,0.5488126649076517,0.5719256716771216,0.566770272010005,0.4537661639138522,0.4967683772538141,239,-0.11300410809615274
Gyeongnam,김해시을,미래통합당,장기표,0.36213720316622694,0.35618416380636764,0.3575120004413955,0.4525335604311871,0.41610957004160887,239,0.09502155998979156
Gyeongnam,김해시을,정의당,배주임,0.045349604221635885,0.04128299207006746,0.04219005756533574,0.055254252482015195,0.05042995839112344,239,0.013064194916679456
Gyeongnam,김해시을,무소속,이영철,0.03553759894459103,0.026985442064149604,0.02889301675463925,0.03254073194235898,0.031227461858529818,239,0.003647715187719728
Gyeongnam,밀양의령함안창녕,더불어민주당,조성환,0.43871506682867556,0.3323927563667536,0.3526358404904427,0.25882968518357025,0.30270450084827516,240,-0.09380615530687247
Gyeongnam,밀양의령함안창녕,미래통합당,조해진,0.5426032806804374,0.6527485087687966,0.6317775657152772,0.7228195193661314,0.6800172981604071,240,0.09104195365085421
Gyeongnam,사천남해하동,더불어민주당,황인성,0.4738217264596523,0.40937870993272657,0.4199798317105024,0.3314121037463977,0.3761929723837814,237,-0.08856772796410473
Gyeongnam,사천남해하동,미래통합당,하영제,0.48015274846749073,0.5673328056984567,0.5529913540857317,0.6404003887932064,0.5959245483970279,237,0.08740903470747463
Gyeongnam,사천남해하동,무소속,정승재,0.03406692794694001,0.014562722595963593,0.01777123869666562,0.018228944631072764,0.018105722107119974,237,0.00045770593440714463
Gyeongnam,산청함양거창합천,더불어민주당,서필상,0.3050812590002057,0.19538241259992842,0.21315491267830955,0.1421619040622934,0.1794536106607479,249,-0.07099300861601615
Gyeongnam,산청함양거창합천,미래통합당,강석진,0.3547623945690187,0.35071391639820226,0.35136981735768563,0.37827811650628074,0.36467283399370554,249,0.026908299148595105
Gyeongnam,산청함양거창합천,무소속,김태호,0.3070355893849002,0.42602314759575227,0.40674576723103584,0.44929479174318665,0.42590103954429986,249,0.04254902451215081
Gyeongnam,양산시갑,더불어민주당,이재영,0.512397596941562,0.4631420873636323,0.47732419172222923,0.393848451133103,0.42037620984989404,242,-0.08347574058912621
Gyeongnam,양산시갑,미래통합당,윤영석,0.4744948115783725,0.5293935780221721,0.5135866146685117,0.5964015927856181,0.5699947278894647,242,0.08281497811710636
Gyeongnam,양산시을,더불어민주당,김두관,0.5533618666298495,0.5630813836427334,0.5608866442199776,0.4499749486014409,0.48948912381690374,243,-0.1109116956185367
Gyeongnam,양산시을,미래통합당,나동연,0.39224078420543973,0.4091330084967583,0.4053186182815812,0.5102710734092362,0.47262965627940445,243,0.10495245512765494
Gyeongnam,양산시을,정의당,권현우,0.044180588154079804,0.02186606531631297,0.026904850978925053,0.030787304987819838,0.029512370620468256,243,0.0038824540088947847
Gyeongnam,진주시갑,더불어민주당,정영훈,0.4740122834356953,0.44221622674046673,0.44961802739959883,0.33612463174074547,0.38477514323972273,234,-0.11349339565885336
Gyeongnam,진주시갑,미래통합당,박대출,0.4515537629480246,0.49762189525213474,0.486897699628697,0.5934738055591137,0.547562875178765,234,0.10657610593041666
Gyeongnam,진주시갑,무소속,김유근,0.027500229168576404,0.021110894779295192,0.022598267252784774,0.027763545536057383,0.025641959901986682,234,0.005165278283272609
Gyeongnam,진주시갑,무소속,최승제,0.024016866807223394,0.02150029204795149,0.022086125218727326,0.023248366850262586,0.022736174747907196,234,0.0011622416315352595
Gyeongnam,진주시을,더불어민주당,한경호,0.45990447461035694,0.3743840667103132,0.39278470400519244,0.29619701792595077,0.33828196628817264,235,-0.09658768607924167
Gyeongnam,진주시을,미래통합당,강민국,0.4431875314228255,0.5637986285793046,0.537847851367066,0.6313871670296533,0.5902743493899428,235,0.09353931566258722
Gyeongnam,진주시을,무소속,이창희,0.08220211161387632,0.0494469522070225,0.05649457771046867,0.05430139051767465,0.05545760161741543,235,-0.002193187192794016
Gyeongnam,창원시마산합포구,더불어민주당,박남현,0.4741637204242589,0.39659957348602143,0.41031621979078997,0.293990638185654,0.34180282402857115,246,-0.11632558160513595
Gyeongnam,창원시마산합포구,미래통합당,최형두,0.47865107424530867,0.5799421576933189,0.5620295779728267,0.6774953850210971,0.6296746820291745,246,0.11546580704827036
Gyeongnam,창원시마산합포구,무소속,곽채규,0.03562686973075877,0.016213373842423533,0.019646507154021883,0.017899525316455698,0.01886902618697755,246,-0.0017469818375661847
Gyeongnam,창원시마산회원구,더불어민주당,하귀남,0.5319986503205488,0.45975867269984916,0.4750362741133655,0.38678668667000055,0.4195397277508868,247,-0.08824958744336497
Gyeongnam,창원시마산회원구,미래통합당,윤한홍,0.44831852435046676,0.5268778280542986,0.5102637901096548,0.5963355003611713,0.5642528876229752,247,0.0860717102515165
Gyeongnam,창원시성산구,더불어민주당,이흥석,0.23856858846918488,0.16582493931192277,0.1829868883914295,0.14362156247369623,0.15820826952526798,245,-0.03936532591773326
Gyeongnam,창원시성산구,미래통합당,강기윤,0.4298752936923911,0.40542425848935515,0.4111928365845859,0.5080504551302863,0.473062787136294,245,0.09685761854570046
Gyeongnam,창원시성산구,정의당,여영국,0.30137357672148923,0.41145121236641646,0.3854812919731372,0.32906460805887233,0.3489050535987749,245,-0.056416683914264854
Gyeongnam,창원시의창구,더불어민주당,김기운,0.451223218355873,0.43598589192389875,0.4398423228535718,0.3282707167599254,0.36707976146105104,244,-0.11157160609364636
Gyeongnam,창원시의창구,미래통합당,박완수,0.4987084029782708,0.5268903019849136,0.5197577156042689,0.6285228227674271,0.5904770778978755,244,0.10876510716315824
Gyeongnam,창원시진해구,더불어민주당,황기철,0.5732655977139228,0.5397898706896552,0.5446463529791106,0.4404267828733486,0.48864229008518284,248,-0.104219570105762
Gyeongnam,창원시진해구,미래통합당,이달곤,0.4121289093506906,0.45245150862068967,0.4466017181418273,0.5507712526803624,0.5022116629000792,248,0.10416953453853511
Gyeongnam,통영고성,더불어민주당,양문석,0.5109531408675468,0.44874037331941,0.45822824018761893,0.33459936930501594,0.38923285285866305,236,-0.12362887088260299
Gyeongnam,통영고성,미래통합당,정점식,0.45698534745393876,0.5296958621589871,0.5186070180096465,0.6356255553426138,0.5834768308019735,236,0.1170185373329673
Incheon,계양구갑,더불어민주당,유동수,0.6806564433683078,0.665293861136683,0.6693620204466926,0.5645835637650702,0.6048722761772627,88,-0.10477845668162233
Incheon,계양구갑,미래통합당,이중재,0.28275490987355395,0.3124182373176995,0.3045631033377266,0.40420307488109725,0.3657607660708942,88,0.09963997154337062
Incheon,계양구갑,무소속,김수임,0.026634382566585957,0.017539609477203354,0.01994799273323122,0.023537219334144453,0.022225849451834926,88,0.0035892266009132333
Incheon,계양구을,더불어민주당,송영길,0.6753955264593563,0.6514204233848854,0.6564887697142693,0.5407679478290202,0.5867347516445692,89,-0.11572082188524913
Incheon,계양구을,미래통합당,윤형선,0.29446262956901254,0.32777594969105334,0.3207335005622351,0.43157243783145627,0.38747296792382335,89,0.11083893726922117
Incheon,남동구갑,더불어민주당,맹성규,0.6093761814744801,0.6168820678513732,0.6149111486151096,0.5004702080972245,0.5438694826838856,84,-0.11444094051788511
Incheon,남동구갑,미래통합당,유정복,0.3755009451795841,0.3758481421647819,0.3757569740891492,0.4865568710665284,0.44441953275637863,84,0.11079989697737919
Incheon,남동구을,더불어민주당,윤관석,0.6090748972574017,0.6047666788188115,0.6056870509397789,0.5075467191392077,0.5457511133890662,85,-0.09814033180057125
Incheon,남동구을,미래통합당,이원복,0.3005116162039755,0.3289737513671163,0.3228933364390532,0.4102071224649962,0.37584413245693626,85,0.08731378602594297
Incheon,남동구을,정의당,최승원,0.053090665101065165,0.044818629238060514,0.04658579849850388,0.05199103720469978,0.049924157945407575,85,0.0054052387061959
Incheon,남동구을,무소속,김지호,0.028600184517319466,0.016473751367116297,0.019064342154772356,0.022702714999033202,0.021568233607380576,85,0.003638372844260846
Incheon,동구미추홀구갑,더불어민주당,허종식,0.5608424336973479,0.5147370730637022,0.522017614091273,0.4360036832412523,0.4752660018940449,80,-0.08601393085002068
Incheon,동구미추홀구갑,미래통합당,전희경,0.33151326053042124,0.4121992247495063,0.3994580279608302,0.4725803151217516,0.4391677343880564,80,0.0731222871609214
Incheon,동구미추홀구갑,정의당,문영미,0.09009360374414976,0.0664082498354421,0.07014842643345445,0.07893390628197258,0.07484262715169071,80,0.00878547984851813
Incheon,동구미추홀구을,더불어민주당,남영희,0.49189955447549616,0.44886363636363635,0.4581476627348187,0.36805443769664153,0.4044600447052249,81,-0.09009322503817718
Incheon,동구미추홀구을,미래통합당,안상수,0.17962737950587282,0.12516711229946523,0.13691568370467452,0.16824467695909856,0.15579596255937414,81,0.03132899325442404
Incheon,동구미추홀구을,정의당,정수영,0.03928716079384366,0.02445409982174688,0.02765399737876802,0.028360283895514742,0.02814158982956133,81,0.0007062865167467222
Incheon,동구미추홀구을,무소속,윤상현,0.282604293236128,0.3972537878787879,0.372520751419834,0.4292090436818614,0.4059531293657446,81,0.05668829226202743
Incheon,부평구갑,더불어민주당,이성만,0.6492567296102852,0.6198613736609956,0.626880276285495,0.5292801637451954,0.5668662090364884,86,-0.09760011254029965
Incheon,부평구갑,미래통합당,정유섭,0.33049417436721573,0.3690989287964713,0.35988104374520336,0.4548094201087668,0.4182193404856344,86,0.09492837636356344
Incheon,부평구을,더불어민주당,홍영표,0.6295841644928648,0.6218353604426581,0.6238022902547324,0.5212394548187906,0.5612963690782115,87,-0.1025628354359418
Incheon,부평구을,미래통합당,강창규,0.2905477980665951,0.3123140366445686,0.3067889693853704,0.39617577993961756,0.36119509024397617,87,0.08938681055424713
Incheon,부평구을,정의당,김응호,0.05738836888138714,0.05280054288249726,0.05396510088026798,0.06451973610645198,0.06041962693110016,87,0.010554635226184002
Incheon,서구갑,더불어민주당,김교흥,0.5843182219086258,0.5936028800886181,0.5916773367477592,0.4954765051729639,0.5323517474002435,91,-0.09620083157479536
Incheon,서구갑,미래통합당,이학재,0.3588816369730111,0.3733268715960491,0.3703310773733309,0.4591746046214849,0.4250094472980728,91,0.08884352724815403
Incheon,서구갑,정의당,김중삼,0.023284529899453166,0.018046709129511677,0.019132979696359978,0.021968005104598697,0.020875029741493932,91,0.0028350254082387186
Incheon,서구갑,무소속,김용섭,0.02593049920620921,0.011377273146866058,0.01439546369123834,0.018230709630372363,0.016851180562359167,91,0.0038352459391340233
Incheon,서구을,더불어민주당,신동근,0.6708058576689218,0.6733740658452838,0.6727893146144097,0.5824664789807702,0.6164381543176678,90,-0.09032283563363952
Incheon,서구을,미래통합당,박종진,0.316005823413548,0.31983437689355687,0.31896265964707027,0.4072267022951758,0.37399158642334585,90,0.08826404264810556
Incheon,연수구갑,더불어민주당,박찬대,0.6527516972410805,0.6235686837712999,0.6297497399498256,0.5263718927216134,0.5687932263591681,83,-0.1033778472282122
Incheon,연수구갑,미래통합당,정승연,0.3335259280658674,0.36967744439700345,0.362020436884293,0.46196648616381697,0.4208011806345911,83,0.099946049279524
Incheon,연수구을,더불어민주당,정일영,0.48354311625361585,0.48588213582677164,0.4852217292453038,0.3794883888344152,0.4178516320474778,82,-0.10573334041088861
Incheon,연수구을,미래통합당,민경욱,0.34868266750058635,0.34864050196850394,0.34865240712535595,0.4211669500676439,0.39495944609297723,82,0.07251454294228793
Incheon,연수구을,정의당,이정미,0.1620670784145102,0.16289370078740156,0.16266030947177892,0.19609279003090518,0.1838259149357072,82,0.03343248055912626
Incheon,중구강화옹진,더불어민주당,조택상,0.5303126994256541,0.522733177448688,0.5244646924829157,0.4372817463216493,0.4764568126765437,79,-0.08718294616126643
Incheon,중구강화옹진,미래통합당,배준영,0.44854818123803447,0.46011951156144454,0.4574760820045558,0.5409038441869639,0.5028448185673703,79,0.0834277621824081
Jeju,서귀포시,더불어민주당,위성곤,0.6109895173367124,0.617241927787498,0.6158889221258351,0.5101735811005474,0.5548505871462301,252,-0.10571534102528768
Jeju,서귀포시,미래통합당,강경필,0.3776062665591522,0.3744552250675998,0.3751371024030312,0.4766637856525497,0.43361451171692167,252,0.10152668324951847
Jeju,제주시갑,더불어민주당,송재호,0.5377971685513311,0.5447802655703095,0.5431196934087108,0.45328983281073465,0.4870080606922712,250,-0.08982986059797615
Jeju,제주시갑,미래통합당,장성철,0.3028225447422313,0.32204566920384464,0.3174744330813695,0.40339964200931794,0.37070491544175754,250,0.08592520892794842
Jeju,제주시갑,정의당,고병수,0.089128305582762,0.06819823323517973,0.07317537953376103,0.07294377515138435,0.07317844159949423,250,-0.00023160438237668224
Jeju,제주시갑,무소속,박희수,0.04825928234351349,0.054503027945997,0.053018272671451865,0.05547586101836924,0.054536115062430855,250,0.0024575883469173734
Jeju,제주시갑,무소속,임효준,0.008102573234796545,0.0028612700705594753,0.004107645726142836,0.004240031482868495,0.004322743796428007,250,0.00013238575672565919
Jeju,제주시갑,무소속,현용식,0.007479298370581426,0.0030001666759264405,0.004065298862986724,0.00403691620225204,0.004140983088351509,250,-2.838266073468352e-05
Jeju,제주시을,더불어민주당,오영훈,0.6233948988566402,0.6097661623108666,0.6130134115674769,0.5149626789015955,0.553536717952097,251,-0.09805073266588138
Jeju,제주시을,미래통합당,부상일,0.33051890941073,0.3582393397524071,0.3516345347862531,0.44955146202835033,0.41068428161960924,251,0.09791692724209722
Jeonbuk,군산시,더불어민주당,신영대,0.6286322511974455,0.5906902569657579,0.595389056588851,0.5901152089440316,0.5924905982450057,204,-0.005273847644819418
Jeonbuk,군산시,미래통합당,이근열,0.059499733901011174,0.023244267918396823,0.027734205080210378,0.043070420614902176,0.03546662043581469,204,0.015336215534691798
Jeonbuk,군산시,무소속,김관영,0.30516232038318253,0.3824095805500391,0.37284315147041375,0.36141522939532345,0.36728189261995575,204,-0.011427922075090302
Jeonbuk,김제부안,더불어민주당,이원택,0.7321956463316313,0.6747702087449532,0.6848577835477399,0.6451243268018793,0.6667992200728616,209,-0.039733456745860596
Jeonbuk,김제부안,무소속,김종회,0.19376511690405804,0.2704235031354695,0.256957394075298,0.29033459378938925,0.2714608240545949,209,0.033377199714091255
Jeonbuk,남원임실순창,더불어민주당,이강래,0.5686980265607546,0.45911285455642725,0.4753273465190164,0.443345604292756,0.4642844844408223,208,-0.031981742226260435
Jeonbuk,남원임실순창,정의당,정상모,0.04244756112697034,0.02444176222088111,0.027105944576056414,0.02611218568665377,0.026802419678830108,208,-0.0009937588894026426
Jeonbuk,남원임실순창,무소속,이용호,0.3748293409457614,0.5053021812225191,0.485997098415147,0.5124789417857366,0.494932219148521,208,0.02648184337058962
Jeonbuk,남원임실순창,무소속,방경채,0.01402507136651359,0.01114320200017243,0.011569610489780177,0.018063268234853685,0.013980876731826582,208,0.006493657745073508
Jeonbuk,완주진안무주장수,더불어민주당,안호영,0.6709759188846641,0.5862403976502485,0.6041180140832516,0.5231062958617992,0.5689502001377507,210,-0.08101171822145237
Jeonbuk,완주진안무주장수,미래통합당,김창도,0.060329531051964515,0.031089019430637143,0.037258222657990905,0.05295240724127619,0.044389654724947845,210,0.015694184583285288
Jeonbuk,완주진안무주장수,무소속,임정엽,0.26869455006337134,0.3826705829191143,0.35862376325875744,0.4239412968969245,0.38666014513730146,210,0.06531753363816706
Jeonbuk,익산시갑,더불어민주당,김수흥,0.8065343593897665,0.821262932572244,0.8184100418410042,0.7731420389140018,0.7963824707643751,205,-0.04526800292700239
Jeonbuk,익산시갑,미래통합당,김경안,0.08248953692453084,0.059157396296176175,0.06367677824267783,0.0851278883679142,0.07436032317673559,205,0.021451110125236372
Jeonbuk,익산시을,더불어민주당,한병도,0.7135141093474426,0.7497525671161698,0.7418123852767848,0.708748464583049,0.7259593334352545,206,-0.03306392069373587
Jeonbuk,익산시을,정의당,권태홍,0.07473544973544974,0.07491030557961154,0.07487199304415032,0.07495564351030436,0.07483565204097233,206,8.36504661540366e-05
Jeonbuk,익산시을,무소속,배수연,0.02976190476190476,0.016547074106148706,0.01944256593565839,0.01973522587689368,0.01965805432400754,206,0.00029265994123529177
Jeonbuk,전주시갑,더불어민주당,김윤덕,0.7615558060879368,0.7626861226920786,0.7623809730857863,0.7091660471421699,0.7357297766211234,201,-0.05321492594361643
Jeonbuk,전주시갑,정의당,염경석,0.07150909969399259,0.0549434187016081,0.059415626766381145,0.06264485940438186,0.061093038386467145,201,0.0032292326380007133
Jeonbuk,전주시갑,무소속,김광수,0.13569012723465937,0.15810005955926146,0.1520500891343102,0.1820308741855075,0.166818477553676,201,0.029980785051197306
Jeonbuk,전주시갑,무소속,이범석,0.011273957158962795,0.008397855866587254,0.009174311926605505,0.01239777845803997,0.010897852960312296,201,0.0032234665314344654
Jeonbuk,전주시병,더불어민주당,김성주,0.7041756401052883,0.7074187274242846,0.7066890982503364,0.630077947025576,0.6665193186113407,203,-0.07661115122476048
Jeonbuk,전주시을,더불어민주당,이상직,0.6551482932288752,0.6641466534034389,0.6615468563691114,0.5950066245676824,0.6254095781114053,202,-0.06654023180142898
Jeonbuk,전주시을,미래통합당,이수진,0.06351426972579742,0.04962341907062669,0.053636749459388455,0.07560610492626942,0.06572687387770969,202,0.02196935546688096
Jeonbuk,전주시을,정의당,오형수,0.046586457750419696,0.040045473923546966,0.0419352882924759,0.04203589311217028,0.042050019437605286,202,0.00010060481969437901
Jeonbuk,전주시을,무소속,최형재,0.16088416340235032,0.19451470797214723,0.18479820537175887,0.21525543300583305,0.20082748662507635,202,0.030457227634074185
Jeonbuk,전주시을,무소속,성치두,0.03637381085618355,0.01847378144095495,0.023645439663709304,0.02842541769189738,0.026361095170217886,202,0.004779978028188078
Jeonbuk,정읍고창,더불어민주당,윤준병,0.7113154738104758,0.7135607555680857,0.7132242794655163,0.6805862182347692,0.6977955997769868,207,-0.032638061230747084
Jeonnam,고흥보성장흥강진,더불어민주당,김승남,0.6966412809998047,0.6245165886423774,0.6351917685482239,0.6174438312111599,0.6281733665955959,218,-0.017747937337064035
Jeonnam,고흥보성장흥강진,무소속,김화진,0.03954305799648506,0.024696383743808944,0.02689384086245267,0.031137282169397245,0.028710281664609354,218,0.0042434413069445745
Jeonnam,나주화순,더불어민주당,신정훈,0.8489344483409765,0.7954512248575464,0.8068484488474141,0.7654195221337284,0.7880519209716937,216,-0.0414289267136857
Jeonnam,담양함평영광장성,더불어민주당,이개호,0.8460266145402602,0.824143283094392,0.8288178328809803,0.806425853727277,0.819581070302708,217,-0.02239197915370328
Jeonnam,담양함평영광장성,무소속,김선우,0.08465528907600932,0.1196544541110158,0.11217820033083335,0.12332660059185495,0.11668692316457138,217,0.011148400261021596
Jeonnam,목포시,더불어민주당,김원이,0.529140461215933,0.5145155369711285,0.5164480518581105,0.44995952608727646,0.4876678531299845,211,-0.06648852577083403
Jeonnam,목포시,미래통합당,황규원,0.03459119496855346,0.013613802129051823,0.016385722398437608,0.024523511663845757,0.020067730554966252,211,0.00813778926540815
Jeonnam,목포시,정의당,윤소하,0.1270440251572327,0.10788898287501796,0.11042010055819494,0.12947972624917212,0.11881919399068115,211,0.019059625690977175
Jeonnam,순천광양곡성구례갑,더불어민주당,소병철,0.6137978009146638,0.6042124672009077,0.6056897766980099,0.566213464302827,0.5856366784072593,214,-0.0394763123951829
Jeonnam,순천광양곡성구례갑,미래통합당,천하람,0.05283643086503843,0.02056591731082902,0.025539509005563805,0.03461907043603258,0.03028177422243448,214,0.009079561430468775
Jeonnam,순천광양곡성구례갑,정의당,강병택,0.015082222438454801,0.008385930075881143,0.009417975135345901,0.009193818878773359,0.00938003701271566,214,-0.0002241562565725424
Jeonnam,순천광양곡성구례갑,무소속,노관규,0.25659239077551815,0.30907382455145027,0.30098528816304493,0.3331336847149018,0.3169661512745508,214,0.03214839655185686
Jeonnam,순천광양곡성구례을,더불어민주당,서동용,0.6991337944787188,0.6642443988870992,0.6721657069285077,0.6234120543958811,0.6475161805497184,215,-0.048753652532626646
Jeonnam,순천광양곡성구례을,미래통합당,김창남,0.06001121704991587,0.030311905110557914,0.037054853634035566,0.04926129050310594,0.04337227872572918,215,0.012206436869070372
Jeonnam,순천광양곡성구례을,정의당,이경자,0.03402505141147878,0.025589398154927515,0.027504633625263515,0.03101740444344955,0.02932812193550195,215,0.0035127708181860347
Jeonnam,순천광양곡성구례을,무소속,정인화,0.15703869882220975,0.24888343827793236,0.2280309568613025,0.2539733616878393,0.24084503096018603,215,0.025942404826536786
Jeonnam,순천광양곡성구례을,무소속,김종수,0.016451673209945783,0.006003807292429345,0.008375896659545268,0.011738205831327998,0.010170631251576027,215,0.0033623091717827295
Jeonnam,여수시갑,더불어민주당,주철현,0.7332108252589375,0.6657277632605966,0.6771218232589625,0.6137092259935881,0.6444441486175269,212,-0.0634125972653744
Jeonnam,여수시갑,미래통합당,심정우,0.047778149014366854,0.02697933281297723,0.030491072687783827,0.044348888097297846,0.03788655333537454,212,0.013857815409514019
Jeonnam,여수시갑,무소속,이용주,0.20915469428666889,0.30020022397936674,0.28482780018616194,0.3301613149458043,0.30788482274790663,212,0.04533351475964237
Jeonnam,여수시을,더불어민주당,김회재,0.7256657750901268,0.7521842427958307,0.7456117596195417,0.6917571218656681,0.715813875182926,213,-0.05385463775387367
Jeonnam,여수시을,미래통합당,임동하,0.04849401093150366,0.02506131207847946,0.030869001297016863,0.04204389249656349,0.03714208011189246,213,0.011174891199546629
Jeonnam,여수시을,정의당,김진수,0.051517618327712525,0.043569895769466585,0.045539703127251766,0.05152391335260938,0.04887524767861999,213,0.005984210225357611
Jeonnam,여수시을,무소속,권세도,0.17432259565065705,0.1791845493562232,0.17797953595618965,0.21467507228515903,0.1981687970265615,213,0.03669553632896938
Jeonnam,영암무안신안,더불어민주당,서삼석,0.8005326806795278,0.7866076428704766,0.7903718549940651,0.7477132095776163,0.7696613576619762,220,-0.042658645416448815
Jeonnam,영암무안신안,미래통합당,이인호,0.04693348689893464,0.02608069548521294,0.031717615924967406,0.03966012016859474,0.03617339312406577,220,0.007942504243627337
Jeonnam,해남완도진도,더불어민주당,윤재갑,0.7542994079503806,0.6834296673148124,0.6946927436879718,0.6531685573453456,0.6750653968541566,219,-0.041524186342626224
Sejong,세종갑,더불어민주당,홍성국,0.6134020618556701,0.6255615128242283,0.6219889073084873,0.5084463859888183,0.5645680494868665,114,-0.11354252131966902
Sejong,세종갑,미래통합당,김중로,0.2943716912789078,0.2763947254021156,0.2816765927836106,0.37308378253812396,0.3279211277838885,114,0.09140718975451334
Sejong,세종갑,정의당,이혁재,0.04590415157425467,0.05042747427908999,0.04909846298684022,0.06232090255094884,0.055723180318274015,114,0.013222439564108616
Sejong,세종갑,무소속,윤형권,0.026957369740874895,0.033560353571946096,0.03162031067722724,0.03815401879646514,0.03489510277808612,114,0.0065337081192379035
Sejong,세종갑,무소속,박상래,0.013025912510448594,0.010665120996956963,0.011358752379198133,0.012123519628078472,0.011776340353391122,114,0.0007647672488803395
Sejong,세종을,더불어민주당,강준현,0.6328182487122884,0.6476128238640732,0.6436513074563008,0.5275749644119943,0.5796476903303848,113,-0.11607634304430658
Sejong,세종을,미래통합당,김병준,0.34132240092504995,0.3345890674252326,0.33639203985701016,0.4462965514074482,0.3968523978730375,113,0.10990451155043807
Seoul,강남구갑,더불어민주당,김성곤,0.5174280879864637,0.478477954499698,0.4910380575637703,0.34363232158250534,0.3963535665527358,41,-0.14740573598126494
Seoul,강남구갑,미래통합당,태구민,0.4616751269035533,0.5067445137910207,0.4922111580957577,0.6353764953193292,0.5840877622750027,41,0.14316533722357144
Seoul,강남구병,더불어민주당,김한규,0.43590197292754135,0.433177640500226,0.4339911759266598,0.28178483235080004,0.3357948888151344,42,-0.15220634357585977
Seoul,강남구병,미래통합당,유경준,0.5482615234893391,0.5593641705589875,0.5560487173390399,0.7076237920550409,0.6538057307224251,42,0.15157507471600096
Seoul,강남구을,더불어민주당,전현희,0.5669007216695924,0.5330035706096242,0.5415266913513646,0.411310755982446,0.46413913248885347,43,-0.13021593536891857
Seoul,강남구을,미래통합당,박진,0.4038424029646967,0.4471779080813706,0.4362816017262941,0.5594932516353399,0.5094634895325834,43,0.12321164990904582
Seoul,강남구을,무소속,김민찬,0.012677979325141408,0.007141219248534085,0.008533385645275986,0.009389749109878281,0.009045186563124379,43,0.0008563634646022947
Seoul,강동구갑,더불어민주당,진선미,0.6135321100917431,0.5891870473506945,0.5951768435378666,0.46375409973929865,0.5150256676472285,47,-0.13142274379856794
Seoul,강동구갑,미래통합당,이수희,0.37661899622234213,0.40449512404517135,0.3976365537501452,0.5280253973593474,0.47708497561413293,47,0.13038884360920217
Seoul,강동구을,더불어민주당,이해식,0.6306866346425544,0.6173477184510529,0.6206156544212664,0.49483214114666213,0.545426893900989,48,-0.1257835132746043
Seoul,강동구을,미래통합당,이재영,0.32900065931995853,0.35642898621596014,0.34970924866162084,0.46830534398319096,0.42046030619486974,48,0.11859609532157012
Seoul,강동구을,정의당,권중도,0.031364792314213054,0.021424860172988173,0.02386007014952926,0.029941137392432832,0.02761468481837538,48,0.006081067242903571
Seoul,강북구갑,더불어민주당,천준호,0.6766317887394121,0.6371042997631182,0.6459459459459459,0.5274320522939308,0.5775469716419652,12,-0.11851389365201515
Seoul,강북구갑,미래통합당,정양석,0.2842551071250623,0.3418275787811356,0.32894956812482584,0.44324368081274157,0.39491189170264906,12,0.11429411268791573
Seoul,강북구갑,무소속,선계선,0.017438963627304436,0.007429473835331275,0.009668431317915853,0.011150911703397891,0.010537985762632747,12,0.0014824803854820382
Seoul,강북구을,더불어민주당,박용진,0.7287877137566714,0.7151022110972048,0.718892341105849,0.5998981744126846,0.6445205634312329,13,-0.11899416669316443
Seoul,강북구을,미래통합당,안홍렬,0.2619540355081146,0.2791823112223613,0.2744110283249374,0.3908466070259655,0.34714779895543646,13,0.11643557870102811
Seoul,강서구갑,더불어민주당,강선우,0.6261991680108668,0.638975251834349,0.6355505996404432,0.5100330090340515,0.5589824979059207,29,-0.12551759060639178
Seoul,강서구갑,미래통합당,구상찬,0.30223278716359625,0.31874145006839943,0.3143162733541178,0.4281184850590688,0.3837146761892166,29,0.11380221170495097
Seoul,강서구갑,무소속,백철,0.060955938534680364,0.03510135555279194,0.04203172291377466,0.052524901552003705,0.04840629546356302,29,0.010493178638229045
Seoul,강서구갑,무소속,김범태,0.005518295271245437,0.003979604526800149,0.004392053341829188,0.004806578642575863,0.004664286029184852,29,0.00041452530074667475
Seoul,강서구병,더불어민주당,한정애,0.6816479400749064,0.6789106472795498,0.6795999385870638,0.5415255341323606,0.5992309335612048,27,-0.1380744044547032
Seoul,강서구병,미래통합당,김철근,0.2740179426879192,0.29520403377110693,0.2898690588467528,0.4197335852006253,0.36553876447804723,27,0.12986452635387252
Seoul,강서구병,무소속,김태윤,0.02107830328368609,0.010289634146341464,0.01300638255872612,0.017147602918186556,0.015409193501945887,27,0.004141220359460436
Seoul,강서구을,더불어민주당,진성준,0.6447717735719791,0.6310609973030356,0.6345017300294428,0.5140151726446143,0.5615163737716513,28,-0.1204865573848285
Seoul,강서구을,미래통합당,김태우,0.33972766977819646,0.357864233660412,0.3533128451999742,0.46908294750934343,0.42339398940694023,28,0.11577010230936924
Seoul,관악구갑,더불어민주당,유기홍,0.6320500819096654,0.6186248986385557,0.6222128404790943,0.5108664906656609,0.5592895570786351,37,-0.11134634981343339
Seoul,관악구갑,정의당,이동영,0.053592323894219515,0.03802654602876531,0.0421865715983363,0.042346313407505186,0.04224870862058569,37,0.00015974180916888264
Seoul,관악구갑,무소속,김성식,0.2353147671425228,0.2889974819683325,0.2746505300684867,0.3822482557043183,0.3355107564702966,37,0.10759772563583159
Seoul,관악구을,더불어민주당,정태호,0.6291372386096109,0.6090313798202174,0.6141211940612455,0.4832902882506392,0.5390114667479173,38,-0.13083090581060636
Seoul,관악구을,미래통합당,오신환,0.3165766514333195,0.3577815851855329,0.3473505232344125,0.4690270080855537,0.417128036681703,38,0.12167648485114119
Seoul,관악구을,무소속,류현선,0.01634122697687301,0.004224657920060084,0.00729197707234132,0.008345122062010876,0.007921939909187518,38,0.0010531449896695553
Seoul,광진구갑,더불어민주당,전혜숙,0.6175805539853024,0.618191862732354,0.6180350843280337,0.48387755422576134,0.5368027765660857,5,-0.13415753010227233
Seoul,광진구갑,미래통합당,김병민,0.32155643489730545,0.33354998050175483,0.33047407335814044,0.45549639542006315,0.40607279003167257,5,0.1250223220619227
Seoul,광진구갑,정의당,오봉석,0.039947239495006594,0.029149876511114,0.031919006427294255,0.03694105451632663,0.03499156030117397,5,0.005022048089032373
Seoul,광진구을,더불어민주당,고민정,0.5973652472400037,0.5781976308292098,0.582880065270601,0.44800050700297867,0.5037261424668735,4,-0.13487955826762232
Seoul,광진구을,미래통합당,오세훈,0.3875127562853697,0.40962663067926225,0.404224458344665,0.530309271816972,0.4782099648757643,4,0.12608481347230693
Seoul,구로구갑,더불어민주당,이인영,0.6375041820006692,0.6205638974823311,0.6244803248573915,0.48931691639129055,0.5392850288248967,31,-0.13516340846610092
Seoul,구로구갑,미래통합당,김재식,0.2904817664770826,0.3207575643250585,0.31375809726384996,0.4400434566112897,0.3934331838182503,31,0.12628535934743973
Seoul,구로구갑,정의당,이호성,0.04926396788223486,0.04142458311325738,0.04323697186502949,0.05063147888280295,0.047783219716087205,31,0.007394507017773458
Seoul,구로구을,더불어민주당,윤건영,0.6425632585887677,0.6484688386654927,0.647047170979324,0.5163275952008346,0.570467749977106,30,-0.13071957577848936
Seoul,구로구을,미래통합당,김용태,0.3040526640608928,0.31118938133907315,0.309471338368206,0.42448269866110244,0.3766623592018641,30,0.11501136029289644
Seoul,구로구을,무소속,강요식,0.04505245834190496,0.03616736783745882,0.03830630184474434,0.051799687010954616,0.04637816827603049,30,0.013493385166210278
Seoul,금천구,더불어민주당,최기상,0.6038707533848326,0.5498100785008863,0.5624405674474567,0.4527157078940995,0.4963008394986008,32,-0.10972485955335726
Seoul,금천구,미래통합당,강성만,0.26214801893845,0.3041782729805014,0.29435851656348855,0.39480694956087237,0.3547974086709855,32,0.10044843299738382
Seoul,금천구,무소속,차성수,0.12575795331838194,0.13935173461635858,0.13617574569659804,0.14382225847981542,0.14079809866983556,32,0.007646512783217374
Seoul,노원구갑,더불어민주당,고용진,0.6469637082285303,0.6405069665939231,0.6425629290617849,0.5235858551969402,0.5678368671069401,16,-0.11897707386484468
Seoul,노원구갑,미래통합당,이노근,0.31153431548688465,0.32184824576128923,0.3185640732265446,0.4282359256525532,0.387419555302767,16,0.10967185242600858
Seoul,노원구병,더불어민주당,김성환,0.5793970814132104,0.602890833016356,0.5970593842341054,0.486889576085556,0.5315092083233676,18,-0.11016980814854943
Seoul,노원구병,미래통합당,이준석,0.38335253456221197,0.3772663877266388,0.37877704699266035,0.4879364772580853,0.44365462807940687,18,0.10915943026542496
Seoul,노원구병,정의당,이남수,0.022081413210445468,0.012488905794345124,0.01486988847583643,0.016251127432031956,0.01573786175556087,18,0.0013812389561955254
Seoul,노원구을,더불어민주당,우원식,0.676612549363756,0.7045531425478655,0.6967795492833948,0.5872323498347118,0.6267853084628429,17,-0.10954719944868296
Seoul,노원구을,미래통합당,이동섭,0.3145239139973673,0.2895609228063054,0.2965060917547672,0.4042220484753714,0.3652955264584025,17,0.10771595672060419
Seoul,도봉구갑,더불어민주당,인재근,0.6356696002544799,0.6028783129096609,0.6111244433778631,0.4923737147966026,0.5402929035423623,14,-0.11875072858126051
Seoul,도봉구갑,미래통합당,김재섭,0.30558795461774996,0.34906668566543175,0.33813294936405086,0.4503710326329906,0.40497701357852184,14,0.11223808326893975
Seoul,도봉구갑,정의당,윤오,0.051002014632594635,0.04370903391279567,0.04554302322480868,0.05090746535538668,0.04882081257799917,14,0.005364442130577997
Seoul,도봉구을,더불어민주당,오기형,0.622499411626265,0.597861813652562,0.6034598005400925,0.48435435586105396,0.5301022184894606,15,-0.11910544467903855
Seoul,도봉구을,미래통합당,김선동,0.3538479642268769,0.39352316368543055,0.3845084356033261,0.5012794139782248,0.4563369318065428,15,0.11677097837489875
Seoul,도봉구을,무소속,최순자,0.012120498940927277,0.004497802996228765,0.0062297799524076896,0.007392169651965949,0.006995513857877379,15,0.0011623896995582592
Seoul,동대문구갑,더불어민주당,안규백,0.6300935203740815,0.5920011109568115,0.6031878371750858,0.47180883028739085,0.5272680781425795,6,-0.131379006887695
Seoul,동대문구갑,미래통합당,허용범,0.3100367401469606,0.35915150673517565,0.3447278077488965,0.4716320831418573,0.4180628004500358,6,0.12690427539296079
Seoul,동대문구갑,무소속,이가현,0.02630260521042084,0.018157200388834883,0.020549288867091713,0.020555693025557636,0.020548225427022605,6,6.40415846592246e-06
Seoul,동대문구을,더불어민주당,장경태,0.6343977591036415,0.6185260463715748,0.6225171160510523,0.5035454489883244,0.5454707067514716,7,-0.11897166706272788
Seoul,동대문구을,미래통합당,이혜훈,0.34352941176470586,0.36860132490213793,0.36229679091651873,0.47943028302463475,0.4381148026705645,7,0.11713349210811602
Seoul,동작구갑,더불어민주당,김병기,0.6387575008824568,0.6265892324595825,0.6298791777213644,0.4982814163824826,0.5529334025581725,35,-0.1315977613388818
Seoul,동작구갑,미래통합당,장진영,0.34076950229438757,0.3583424894051169,0.3535912656754023,0.48241653075253743,0.4289265430059313,35,0.12882526507713515
Seoul,동작구을,더불어민주당,이수진,0.6102179349767775,0.5995745887691435,0.6025987209420364,0.4626865671641791,0.5216095000254829,36,-0.13991215377785726
Seoul,동작구을,미래통합당,나경원,0.35541264737406214,0.37946681792399317,0.3726322200791798,0.5070656569369899,0.450418769005997,36,0.13443343685781012
Seoul,동작구을,정의당,이호영,0.023365487674169346,0.015173000567214974,0.01750076134402599,0.02149841923387986,0.019825696957341623,36,0.003997657889853873
Seoul,마포구갑,더불어민주당,노웅래,0.6292328642759872,0.6413357782636293,0.6379498641200823,0.5037742696425331,0.5599974717947097,23,-0.13417559447754912
Seoul,마포구갑,미래통합당,강승규,0.35714934180662733,0.3507652161647507,0.3525512406979402,0.4850843767011432,0.42953154462809046,23,0.132533136003203
Seoul,마포구을,더불어민주당,정청래,0.612570079669519,0.623329853862213,0.6205181586860976,0.48105333281084683,0.5375550455870496,24,-0.13946482587525078
Seoul,마포구을,미래통합당,김성동,0.29344939510179996,0.28666492693110646,0.28843781324697354,0.4216335540838852,0.3678208149848043,24,0.13319574083691166
Seoul,마포구을,정의당,오현주,0.08726763056948952,0.08541231732776618,0.08589713933225383,0.09097796413130087,0.08873193574396825,24,0.0050808247990470345
Seoul,서대문구갑,더불어민주당,우상호,0.6202017043233523,0.5957896481704033,0.6042467905313905,0.4814744586446206,0.5324898729260308,21,-0.12277233188676995
Seoul,서대문구갑,미래통합당,이성헌,0.3173324994136502,0.36359869048112387,0.34757055414116245,0.4654897796655163,0.4164252816158926,21,0.11791922552435385
Seoul,서대문구갑,무소속,신지예,0.04378078336330232,0.025734532344287433,0.03198634960186339,0.03268990102013728,0.032362244048609955,21,0.0007035514182738914
Seoul,서대문구을,더불어민주당,김영호,0.7028853373377668,0.6710845374522505,0.6786040377396774,0.566249593172531,0.6133139858889836,22,-0.11235444456714638
Seoul,서대문구을,미래통합당,송주범,0.28520862383352996,0.3226706527154958,0.3138125190220148,0.42255813112501356,0.3769912621052964,22,0.10874561210299877
Seoul,서초구갑,더불어민주당,이정근,0.49664609605580895,0.45507686911790496,0.4653155633880383,0.30613692798864844,0.36903351024544406,40,-0.15917863539938987
Seoul,서초구갑,미래통합당,윤희숙,0.4967355334943207,0.5408604664757117,0.5299922898997687,0.6888116353316779,0.6260284089933186,40,0.15881934543190923
Seoul,서초구을,더불어민주당,박경미,0.5527348695872373,0.5368839835728952,0.5414566440207466,0.38969272703257646,0.4501135339700847,39,-0.1517639169881701
Seoul,서초구을,미래통합당,박성중,0.43086857432261333,0.4532084188911704,0.44676382496895317,0.5961503824401724,0.5366372319336817,39,0.1493865574712192
Seoul,성북구갑,더불어민주당,김영배,0.6798801860939392,0.67737723266334,0.6780476979019069,0.5560330278087918,0.6090467904524863,11,-0.12201467009311506
Seoul,성북구갑,미래통합당,한상학,0.2899751449875725,0.30207993284521756,0.2988374276593202,0.4160413366915068,0.36509474828014066,11,0.11720390903218658
Seoul,성북구을,더불어민주당,기동민,0.6710065912604769,0.6613577023498695,0.663893581984217,0.547460357132939,0.5935958110965663,10,-0.11643322485127805
Seoul,성북구을,미래통합당,정태근,0.2987224346976971,0.31998839570641135,0.31439936696678716,0.42675442250548473,0.38216191722887927,10,0.11235505553869757
Seoul,송파구갑,더불어민주당,조재희,0.5675567556755675,0.5558642057747268,0.5583287659682111,0.4241956241956242,0.4802935986022459,44,-0.13413314177258695
Seoul,송파구갑,미래통합당,김웅,0.42204220422042205,0.43879377120115387,0.4352628694295712,0.567264743735332,0.5120240217038201,44,0.13200187430576077
Seoul,송파구병,더불어민주당,남인순,0.5956765981653985,0.6071086807928913,0.604334546960468,0.474315984927093,0.5248960720567073,45,-0.13001856203337497
Seoul,송파구병,미래통합당,김근식,0.35497404536727584,0.3573479152426521,0.356771866857626,0.4804216045000273,0.43216036881095776,45,0.12364973764240128
Seoul,송파구병,무소속,이종식,0.023323615160349854,0.011232627022100707,0.014166652287198246,0.017224619081426466,0.01608884506741992,45,0.00305796679422822
Seoul,송파구을,더불어민주당,최재성,0.5551421551421551,0.5372589091838038,0.5420303427608166,0.41111523787014215,0.46043170504589404,46,-0.13091510489067448
Seoul,송파구을,미래통합당,배현진,0.40540540540540543,0.4347426235790012,0.42691515265030905,0.5515525992954496,0.5046034068711536,46,0.12463744664514059
Seoul,송파구을,정의당,안숙현,0.034468234468234465,0.02490739558053391,0.027458325529125305,0.03209868206322945,0.030315972246532565,46,0.004640356534104148
Seoul,양천구갑,더불어민주당,황희,0.6001121311934964,0.6038644127955988,0.602962239034829,0.4628005502063274,0.5185067303229229,25,-0.14016168882850166
Seoul,양천구갑,미래통합당,송한섭,0.36288457495269466,0.3718887262079063,0.36972382765767436,0.5025474552957359,0.4496651415688615,25,0.1328236276380615
Seoul,양천구갑,무소속,염동옥,0.03209755413834186,0.021806646257597942,0.024280924056818372,0.030558459422283357,0.028141369935680657,25,0.006277535365464985
Seoul,양천구을,더불어민주당,이용선,0.656567366283006,0.6422614565029425,0.6458075478822715,0.5258323765786452,0.5753994931995656,26,-0.11997517130362623
Seoul,양천구을,미래통합당,손영택,0.32980704129993227,0.3489247761693582,0.3441859489395624,0.4611999175719038,0.41282687766113324,26,0.11701396863234143
Seoul,영등포구갑,더불어민주당,김영주,0.6434426229508197,0.6441671638693611,0.6439775534828491,0.5061080647494313,0.5626184337237116,34,-0.13786948873341787
Seoul,영등포구갑,미래통합당,문병호,0.2997658079625293,0.31028042231964514,0.30752877635837816,0.4352571436085579,0.38280885961914823,34,0.12772836725017972
Seoul,영등포구갑,정의당,정재민,0.05035128805620609,0.041220265117123664,0.043609828969796795,0.052086209843912316,0.04867043583610326,34,0.008476380874115522
Seoul,영등포구을,더불어민주당,김민석,0.6020294266869609,0.5824963148332247,0.5874288935581408,0.44103821409478866,0.5026319442220015,33,-0.1463906794633521
Seoul,영등포구을,미래통합당,박용찬,0.34429223744292237,0.37095060162490145,0.36421872597755345,0.50109683484801,0.4435012866096501,33,0.1368781088704566
Seoul,영등포구을,무소속,이정현,0.0336884830035515,0.031332487744677937,0.03192743299338902,0.03790071340350618,0.03535240291702702,33,0.00597328041011716
Seoul,용산구,더불어민주당,강태웅,0.5561280824438719,0.5539633593324869,0.5544731231257258,0.40783131730245775,0.4714126441339988,2,-0.14664180582326808
Seoul,용산구,미래통합당,권영세,0.39352226720647776,0.4013014692544894,0.3994695695886564,0.5383798281837133,0.4780721773680627,2,0.1389102585950569
Seoul,용산구,정의당,정연욱,0.029076186970923814,0.02913567930346454,0.02912166964239283,0.03383214053350683,0.03180862446966919,2,0.004710470891114003
Seoul,은평구갑,더불어민주당,박주민,0.7298262818716728,0.6991358108260566,0.7066131922518987,0.592700555045322,0.6429230883776338,19,-0.11391263720657663
Seoul,은평구갑,미래통합당,홍인정,0.2511908097506304,0.2869423949096324,0.27823193105213756,0.3877464095089779,0.33943116670389395,19,0.10951447845684031
Seoul,은평구을,더불어민주당,강병원,0.6542530681337283,0.6472463556496556,0.6490437677540756,0.5228980366072968,0.5741304031436472,20,-0.12614573114677874
Seoul,은평구을,미래통합당,허용석,0.2800112850895754,0.2991165948747901,0.29421556387848524,0.4098489887419013,0.3623635569786057,20,0.11563342486341605
Seoul,은평구을,정의당,김종민,0.04669205811821131,0.03752646564941228,0.03987768912048345,0.04734806493730446,0.04458594091107553,20,0.007470375816821008
Seoul,종로구,더불어민주당,이낙연,0.6588618548304999,0.6637190082644628,0.6626845608481668,0.5058910472972973,0.5838278142878411,0,-0.15679351355086957
Seoul,종로구,미래통합당,황교안,0.3226102005497302,0.324435261707989,0.3240465711250352,0.47478885135135135,0.39977455922074057,0,0.15074228022631614
Seoul,종로구,무소속,김용덕,0.004275679527639214,0.0018181818181818182,0.0023415649459055136,0.003103885135135135,0.0027648397456347435,0,0.0007623201892296215
Seoul,중구성동구갑,더불어민주당,홍익표,0.6079008027978698,0.613483464343885,0.6122051543389633,0.49095266304055146,0.5425026012563104,3,-0.12125249129841181
Seoul,중구성동구갑,미래통합당,진수희,0.33399570781336935,0.3446403701343153,0.34220297029702973,0.45913888739296677,0.40931827816100813,3,0.11693591709593704
Seoul,중구성동구갑,정의당,정혜연,0.05094984500437167,0.03755635814271888,0.04062317996505533,0.04312294684689536,0.04212108366411037,3,0.002499766881840032
Seoul,중구성동구을,더불어민주당,박성준,0.5997702658352478,0.598096110771737,0.598492501359857,0.46282721042579483,0.5196013235151004,1,-0.13566529093406215
Seoul,중구성동구을,미래통합당,지상욱,0.39161470298654416,0.39556607615556916,0.39463050742093403,0.5290978541736884,0.47279981834106466,1,0.13446734675275435
Seoul,중랑구갑,더불어민주당,서영교,0.653413435281267,0.6319570282164121,0.6368606305699094,0.534171846965221,0.5776114716349173,8,-0.10268878360468836
Seoul,중랑구갑,미래통합당,김삼화,0.2699071545603495,0.32164121149365776,0.30981801842282636,0.4021421969298802,0.3628846556416161,8,0.09232417850705382
Seoul,중랑구갑,정의당,김지수,0.03222282905516111,0.022391923375614808,0.024638657979480266,0.030882432897765374,0.028323215407159305,8,0.006243774918285108
Seoul,중랑구갑,무소속,이성복,0.018022938285090113,0.00783070152731038,0.010160013979380414,0.012650198452253656,0.011607703579652502,8,0.0024901844728732418
Seoul,중랑구을,더불어민주당,박홍근,0.6671723556679309,0.6592298204741674,0.6611789038262668,0.5493986028677976,0.5928725097371178,9,-0.11178030095846914
Seoul,중랑구을,미래통합당,윤상일,0.2922039612305099,0.3217486638344525,0.3144984488107549,0.42313146698881243,0.3807113094524021,9,0.10863301817805754
Ulsan,남구갑,더불어민주당,심규명,0.5203889585947302,0.5085445884273293,0.5114064118434681,0.38340101363049706,0.4327942697508966,108,-0.12800539821297108
Ulsan,남구갑,미래통합당,이채익,0.44081974069427016,0.46210733202305204,0.4569638481166157,0.5827745773916329,0.5340886023334719,108,0.12581072927501713
Ulsan,남구을,더불어민주당,박성진,0.4652228238234069,0.4769133173229417,0.47403662202787644,0.36165891129330086,0.40114013911131297,107,-0.11237771073457559
Ulsan,남구을,미래통합당,김기현,0.515479661252256,0.5121210748108206,0.5129475266466248,0.6237536007090627,0.5848053158687286,107,0.11080607406243792
Ulsan,동구,더불어민주당,김태선,0.3663265306122449,0.27139702732096366,0.2845955225151094,0.21846778477650453,0.24532408352037,109,-0.06612773773860486
Ulsan,동구,미래통합당,권명호,0.36,0.34166034999835215,0.3442101977697699,0.4102982469454352,0.3836518624317033,109,0.0660880491756653
Ulsan,북구,더불어민주당,이상헌,0.49901197256770896,0.5407215574209681,0.5322179301846103,0.42460658467157203,0.46346321530544204,111,-0.10761134551303825
Ulsan,북구,미래통합당,박대동,0.3760316168778333,0.32196225516461274,0.3329857572813233,0.45197110478543423,0.40893159397493545,111,0.11898534750411094
Ulsan,북구,정의당,김진영,0.07509008485412065,0.11481216883967375,0.10671374742280257,0.0946210859874322,0.09891603549385354,111,-0.01209266143537037
Ulsan,북구,무소속,박영수,0.01580843891665698,0.006132047389414776,0.008104841576415386,0.007747462269724475,0.007890372548684368,111,-0.00035737930669091107
Ulsan,북구,무소속,박재묵,0.010926421015924677,0.004107876406501161,0.0054980211863402614,0.004216123314893389,0.0047188360204482895,111,-0.0012818978714468727
Ulsan,울주군,더불어민주당,김영문,0.5083798882681564,0.5057456151884089,0.5063554612508842,0.38641284258330255,0.43400068405437436,112,-0.1199426186675816
Ulsan,울주군,미래통합당,서범수,0.43261173184357543,0.46356727760393385,0.4564009295746186,0.5747214447906215,0.5274934179651769,112,0.1183205152160029
Ulsan,울주군,무소속,전상환,0.04757332402234637,0.023613558074101343,0.029160351621703547,0.02830437767333791,0.028857549653598047,112,-0.000855973948365639
Ulsan,중구,더불어민주당,임동호,0.44087205461352125,0.4186530837557083,0.4227766879189145,0.29390390580489967,0.3432529942102843,110,-0.12887278211401482
Ulsan,중구,미래통합당,박성민,0.4251266240916098,0.4668038339940784,0.45906898806604546,0.5913274672406154,0.5404695669791398,110,0.1322584791745699
Ulsan,중구,무소속,이철수,0.028958379211627396,0.011015205500075275,0.014345267287886218,0.012331455339621447,0.013215824703306294,110,-0.0020138119482647713
