province,district,win_party,turnout,election_day,early_voting,index,더불어민주당_vote,더불어민주당_early_voting,더불어민주당_election_day,미래통합당_vote,미래통합당_early_voting,미래통합당_election_day,vote(더불어민주당 - 미래통합당),early_voting(더불어민주당 - 미래통합당),election_day(더불어민주당 - 미래통합당)
Gangwon,강릉시,무소속,0.6663,0.369,0.2946,178,0.38763850700561436,0.4474850143341152,0.33568992886119114,0.11281426478094078,0.09538702111024237,0.12527191486859898,0.2748242422246736,0.3520979932238728,0.21041801399259216
Gangwon,동해태백삼척정선,미래통합당,0.6572,0.3566,0.294,179,0.43063644393873607,0.49757573731023874,0.3705722813569024,0.5360142529905828,0.47227981007155756,0.5829392283264961,-0.10537780905184674,0.025295927238681182,-0.21236694696959374
Gangwon,속초인제고성양양,미래통합당,0.6621,0.3784,0.277,180,0.4419856521966801,0.5105595035531979,0.3851368405870263,0.5256113525684663,0.4554098688819938,0.5705116648036636,-0.08362570037178613,0.055149634671204095,-0.18537482421663726
Gangwon,원주시갑,더불어민주당,0.6173,0.3455,0.2695,176,0.4856737832381116,0.5572239561573812,0.4251073695412565,0.4113041797328064,0.35015113907252216,0.4552848618448558,0.07436960350530519,0.20707281708485903,-0.030177492303599285
Gangwon,원주시을,더불어민주당,0.646,0.3632,0.2801,177,0.538863538432642,0.6163371381981247,0.4732316173615964,0.43187970257101505,0.35887178964533223,0.4825685224008075,0.10698383586162696,0.2574653485527925,-0.009336905039211085
Gangwon,춘천화천철원양구갑,더불어민주당,0.6851,0.3885,0.2933,175,0.5132428494747335,0.5832468229819223,0.45564386640976234,0.43936814661452345,0.3725255056380884,0.4846526439734532,0.07387470286021008,0.21072131734383392,-0.029008777563690857
Gangwon,춘천화천철원양구을,미래통합당,0.673,0.3789,0.2827,174,0.4635747180621532,0.5425341715208489,0.3990574770680804,0.5207600536679117,0.4411154045792722,0.5719725658503745,-0.05718533560575845,0.10141876694157675,-0.17291508878229406
Gangwon,홍천횡성영월평창,미래통합당,0.6709,0.3681,0.3,181,0.3840290318099736,0.4557234166182452,0.31890639336868787,0.48596159188776217,0.4306023629672671,0.5218581359543397,-0.10193256007778856,0.02512105365097811,-0.20295174258565185
Gyeonggi,고양시갑,정의당,0.6664,0.4213,0.2419,138,0.2736617627586399,0.33013041810510163,0.238270499322878,0.32756758263584473,0.2731108553893364,0.35590406710060724,-0.05390581987720483,0.05701956271576525,-0.11763356777772924
Gyeonggi,고양시병,더불어민주당,0.6641,0.4165,0.2439,140,0.5426830508129944,0.6190142403895816,0.4917316526012178,0.447204505866166,0.37240832288054304,0.48631556457643416,0.09547854494682839,0.2466059175090386,0.005416088024783661
Gyeonggi,고양시을,더불어민주당,0.6832,0.4256,0.2545,139,0.5247358090806286,0.6018382865913213,0.47331681123502684,0.35766186161985103,0.2943351472024557,0.39197645600991327,0.16707394746077753,0.30750313938886564,0.08134035522511357
Gyeonggi,고양시정,더불어민주당,0.689,0.4542,0.2316,141,0.5342421473372744,0.6259410665729453,0.48293499401555956,0.44873779286251547,0.35990825178964503,0.49055580490724116,0.0855043544747589,0.2660328147833003,-0.007620810891681595
Gyeonggi,광명시갑,더불어민주당,0.6792,0.4058,0.2708,129,0.47666481994459836,0.5475218658892128,0.4241874278171919,0.3698614958448753,0.3110926003054283,0.404498707584007,0.10680332409972304,0.23642926558378452,0.019688720233184853
Gyeonggi,광명시을,더불어민주당,0.6978,0.4445,0.251,130,0.6409676814678413,0.7077055004287639,0.5969975322182616,0.3051129660054471,0.24758054636775695,0.33412736495749934,0.33585471546239426,0.46012495406100695,0.26287016726076223
Gyeonggi,광주시갑,더불어민주당,0.6103,0.379,0.2293,166,0.5614977211343687,0.6183261790533906,0.5214846706244429,0.4269602464550979,0.37078809303369525,0.4561981803198735,0.1345374746792708,0.24753808601969535,0.0652864903045694
Gyeonggi,광주시을,더불어민주당,0.5988,0.3919,0.2047,165,0.5688081351228291,0.6432446150429845,0.5244178419153821,0.42182519893324083,0.34847571614376804,0.45619875368973434,0.1469829361895883,0.2947688988992164,0.06821908822564776
Gyeonggi,구리시,더불어민주당,0.6615,0.4259,0.2335,143,0.5864886680028659,0.6674958965941732,0.5348652711279368,0.39411225887196977,0.3170393926959376,0.43109063578666074,0.19237640913089615,0.35045650389823557,0.10377463534127607
Gyeonggi,군포시,더불어민주당,0.691,0.4406,0.2481,150,0.5741754438949501,0.6504482106590097,0.5245917630762628,0.40373362527841744,0.32967994957630087,0.44055446085412725,0.17044181861653268,0.32076826108270884,0.08403730222213551
Gyeonggi,김포시갑,더불어민주당,0.6744,0.4564,0.2156,161,0.5288597749686453,0.5870840383530739,0.4967027448492778,0.38491730503749017,0.32712915961646927,0.4089125004955794,0.14394246993115517,0.2599548787366046,0.08779024435369837
Gyeonggi,김포시을,더불어민주당,0.6332,0.4005,0.2307,160,0.5383213077886344,0.595552645731522,0.5001066581340159,0.44467539547998536,0.38899151214721633,0.47216222702183824,0.09364591230864905,0.20656113358430567,0.027944431112177648
Gyeonggi,남양주시갑,더불어민주당,0.6152,0.4044,0.2082,146,0.5795683704335686,0.651922139724221,0.5370116217952462,0.3811952222136043,0.31559785568901755,0.4115371138235122,0.19837314821996427,0.3363242840352034,0.12547450797173398
Gyeonggi,남양주시병,더불어민주당,0.6773,0.457,0.2181,144,0.500798894804044,0.5786670131219955,0.45896681463559663,0.47089441331816945,0.394547659261184,0.5033369898403781,0.0299044814858746,0.18411935386081152,-0.04437017520478148
Gyeonggi,남양주시을,더불어민주당,0.6049,0.4046,0.1975,145,0.5908371196475286,0.6718597857838364,0.5455274718278474,0.3143157097618064,0.2489012868759704,0.34295537021710065,0.2765214098857222,0.422958498907866,0.2025721016107468
Gyeonggi,동두천시연천군,미래통합당,0.6173,0.3422,0.2698,133,0.45018042056656205,0.508422616225783,0.39672324433199874,0.5361048513085676,0.47890395373091876,0.5748323548917983,-0.08592443074200551,0.029518662494864234,-0.17810911055979955
Gyeonggi,부천시갑,더불어민주당,0.5941,0.4143,0.1778,170,0.5917552207894672,0.6615821067346436,0.5535128723923812,0.3607830567814788,0.292286818518214,0.38529965813158445,0.23097216400798837,0.3692952882164296,0.16821321426079677
Gyeonggi,부천시병,더불어민주당,0.6435,0.4367,0.2044,172,0.6055735529448499,0.6817390878121706,0.561378434175004,0.32506147301042115,0.257113447540622,0.35150525193402754,0.2805120799344288,0.42462564027154864,0.20987318224097645
Gyeonggi,부천시을,더불어민주당,0.6769,0.4494,0.2252,171,0.5490737786707757,0.628688022852479,0.5033576051779936,0.3960181646630781,0.3192205672311773,0.43014765372168284,0.15305561400769757,0.30946745562130173,0.0732099514563107
Gyeonggi,부천시정,더불어민주당,0.5885,0.4218,0.1643,173,0.5674629532076682,0.6538035677670699,0.5263763274824316,0.36753624516158584,0.2841090834529424,0.3949988970472379,0.1999267080460823,0.36969448431412755,0.13137743043519368
Gyeonggi,성남시분당구갑,미래통합당,0.7564,0.4669,0.2863,123,0.4934668794176263,0.58060259511766,0.43567841264613866,0.5006952855156327,0.4135778450711374,0.5498003457928536,-0.007228406098006401,0.16702475004652262,-0.11412193314671498
Gyeonggi,성남시분당구을,더불어민주당,0.7362,0.4552,0.278,122,0.47942094009604264,0.5724523327701762,0.4190876971892792,0.451063829787234,0.36566845515474444,0.4996849472286608,0.02835711030880861,0.2067838776154317,-0.08059725003938162
Gyeonggi,성남시수정구,더불어민주당,0.631,0.3554,0.2733,120,0.6031417065071477,0.659585997615693,0.5484021268431727,0.3581090098364774,0.30282504244788844,0.39339746752178917,0.2450326966706703,0.3567609551678046,0.15500465932138352
Gyeonggi,성남시중원구,더불어민주당,0.6351,0.3577,0.2753,121,0.5462082560296846,0.6073904325408193,0.49318892200334374,0.41673568778160613,0.35682230497469686,0.45771607181798357,0.12947256824807846,0.2505681275661224,0.03547285018536017
Gyeonggi,수원시갑,더불어민주당,0.6649,0.4155,0.2464,115,0.5917057288660031,0.6549092794193883,0.5468632173003478,0.3958405492568561,0.3344945567651633,0.4268286749860128,0.19586517960914707,0.32041472265422494,0.12003454231433502
Gyeonggi,수원시무,더불어민주당,0.6538,0.4145,0.2373,117,0.5521834281674017,0.6123066077987608,0.5115202049903386,0.38243156796067473,0.32873891589062443,0.4089095186087541,0.169751860206727,0.28356769190813635,0.10261068638158449
Gyeonggi,수원시병,더불어민주당,0.6213,0.3718,0.2471,118,0.5307419154294385,0.5930374054282842,0.48248512888301387,0.42542385382969977,0.36656790645997567,0.4590218109715796,0.10531806159973872,0.22646949896830854,0.023463317911434245
Gyeonggi,수원시을,더불어민주당,0.6604,0.4258,0.2321,116,0.6068658431485205,0.669818256075148,0.5660292190992062,0.3830364837690319,0.32136001633653255,0.41173167751098194,0.22382935937948867,0.34845823973861545,0.15429754158822429
Gyeonggi,수원시정,더불어민주당,0.694,0.4264,0.2653,119,0.5742736492583101,0.6409777626888474,0.5270356715011805,0.3795791677193489,0.3196589901733341,0.4126821665755592,0.19469448153896124,0.32131877251551333,0.1143535049256213
Gyeonggi,시흥시갑,더불어민주당,0.6508,0.4297,0.2188,148,0.5171795547854909,0.581969785269198,0.48008994553549234,0.4489434630306226,0.3871654637557717,0.4757621641167032,0.06823609175486833,0.19480432151342625,0.004327781418789145
Gyeonggi,시흥시을,더불어민주당,0.5628,0.3631,0.1979,149,0.6702402492477093,0.7221672167216722,0.6342934186742525,0.3163975191338255,0.2660616061606161,0.33960055708655584,0.3538427301138838,0.4561056105610561,0.29469286158769664
Gyeonggi,안산시단원구갑,더불어민주당,0.5747,0.371,0.2017,136,0.5574516646983108,0.6133736305251227,0.519916440189835,0.41250547379874997,0.3601057801284473,0.4352208656147325,0.1449461908995608,0.25326785039667543,0.08469557457510246
Gyeonggi,안산시단원구을,더불어민주당,0.654,0.4192,0.2316,137,0.5132545084811807,0.5912353607857952,0.46405057117668025,0.46877245107947835,0.39475220661469246,0.5029543621391458,0.04448205740170236,0.19648315417110274,-0.038903790962465545
Gyeonggi,안산시상록구갑,더불어민주당,0.6093,0.3814,0.2255,135,0.5855780774077051,0.6538915094339622,0.538837613801965,0.38065898740959014,0.31638614922813035,0.4144506949558895,0.20491908999811492,0.3375053602058319,0.12438691884607556
Gyeonggi,안산시상록구을,더불어민주당,0.5932,0.3799,0.211,134,0.5777456800593661,0.6478925635207023,0.5296490191684831,0.4074393088094986,0.3394962985007998,0.43826770691165384,0.17030637124986753,0.3083962650199025,0.09138131225682922
Gyeonggi,안성시,더불어민주당,0.6352,0.365,0.2682,159,0.514459838380912,0.5622405625824095,0.46938450935694215,0.4713441700207973,0.42635639986326124,0.49389457315025886,0.04311566836011471,0.13588416271914827,-0.024510063793316716
Gyeonggi,안양시동안구갑,더불어민주당,0.7057,0.4294,0.2737,127,0.5533730762809244,0.629403725450496,0.49919345822752464,0.3976586362341757,0.32934298440979953,0.4366665069554246,0.15571444004674867,0.3000607410406965,0.06252695127210006
Gyeonggi,안양시동안구을,더불어민주당,0.7582,0.4389,0.3165,128,0.5415387295572831,0.6103980630548541,0.48753079967147017,0.41731451841205547,0.35463799432454246,0.45848577615172104,0.12422421114522764,0.25576006873031165,0.029045023519749136
Gyeonggi,안양시만안구,더불어민주당,0.6729,0.3897,0.2809,126,0.5360864393621038,0.5988474194813388,0.4850867052023121,0.42335059366519706,0.3640347138156212,0.46167325829023426,0.1127358456969067,0.2348127056657176,0.023413446912077862
Gyeonggi,양주시,더불어민주당,0.6107,0.3592,0.2476,167,0.6264506358153581,0.6860997456596263,0.5796363526806562,0.36216831408113703,0.30332854141324783,0.39883705165479116,0.26428232173422106,0.38277120424637845,0.180799301025865
Gyeonggi,여주양평,미래통합당,0.6575,0.3738,0.281,169,0.4017667954630437,0.4799177044643507,0.33821895911787814,0.5497865511653994,0.4727259485834972,0.6016228224648479,-0.1480197557023557,0.007191755880853523,-0.26340386334696975
Gyeonggi,오산시,더불어민주당,0.606,0.4056,0.1987,147,0.5671762087504465,0.6340109874787362,0.5273555204237437,0.4106316917468837,0.3464123372096266,0.43616144418771197,0.1565445170035628,0.2875986502691096,0.09119407623603171
Gyeonggi,용인시갑,미래통합당,0.6255,0.386,0.2362,152,0.4593658670238675,0.5293594306049823,0.41156566086882435,0.5314326595226497,0.46237059204141057,0.5683264968292415,-0.07206679249878223,0.06698883856357168,-0.15676083596041718
Gyeonggi,용인시병,더불어민주당,0.7344,0.4642,0.2669,155,0.515597539543058,0.606218922187878,0.4592575588013047,0.47941075961726226,0.3886742373336917,0.5270356872985356,0.03618677992579572,0.21754468485418627,-0.06777812849723086
Gyeonggi,용인시을,더불어민주당,0.6866,0.4357,0.2482,153,0.6008721981805758,0.6697786422154303,0.5564506004937858,0.38633288227334234,0.31882930443641755,0.42124534460392515,0.21453931590723346,0.3509493377790127,0.13520525588986065
Gyeonggi,용인시정,더불어민주당,0.7265,0.4602,0.263,154,0.5346439124404511,0.6203379791585688,0.4819178427419355,0.4379183501175903,0.3543598571084828,0.48265288978494625,0.09672556232286078,0.26597812205008603,-0.0007350470430107503
Gyeonggi,의왕과천,더불어민주당,0.7269,0.4383,0.2855,142,0.43386212227170673,0.5112135349333933,0.37975173615312025,0.37952077735654605,0.32074269761864616,0.4143054177656254,0.05434134491516068,0.19047083731474712,-0.03455368161250516
Gyeonggi,의정부시갑,더불어민주당,0.5874,0.358,0.2269,124,0.5303207702356185,0.5931652968949065,0.48276779982149287,0.37393197542212975,0.3183532762109365,0.40315988913768536,0.15638879481348877,0.27481202068397,0.07960791068380751
Gyeonggi,의정부시을,더불어민주당,0.6243,0.403,0.2188,125,0.5598814105572765,0.6238016676327641,0.5184617411404002,0.3883100222159642,0.32683818611495075,0.4170209708133226,0.17157138834131225,0.2969634815178134,0.1014407703270776
Gyeonggi,이천시,미래통합당,0.615,0.3531,0.2586,158,0.45685017793267063,0.5179898574801084,0.4074103371355345,0.5199496087320343,0.45890530733583984,0.5588602888829123,-0.0630994307993637,0.059084550144268555,-0.1514499517473778
Gyeonggi,파주시갑,더불어민주당,0.6416,0.436,0.2028,157,0.6093110883471707,0.6781340711175616,0.5711023999666381,0.37337478599110296,0.30909833091436867,0.39923684814112054,0.23593630235606777,0.36903574020319296,0.1718655518255176
Gyeonggi,파주시을,더불어민주당,0.5996,0.3697,0.2246,156,0.543392891106611,0.6248134662448517,0.4865537491942992,0.44291292332822413,0.3622634751984719,0.4867506982740099,0.10047996777838691,0.26254999104637977,-0.00019694907971068432
Gyeonggi,평택시갑,더불어민주당,0.5902,0.382,0.2062,132,0.5022276095141002,0.5582721898935069,0.46620149345085077,0.47412360623891214,0.41937116176369116,0.4974782715142612,0.028104003275188028,0.13890102812981575,-0.03127677806341045
Gyeonggi,평택시을,미래통합당,0.5883,0.3716,0.2117,131,0.4611094193258859,0.5238360188729636,0.41991781302463105,0.47674418604651164,0.41778687794890057,0.505750582575359,-0.015634766720625748,0.10604914092406303,-0.08583276955072794
Gyeonggi,포천가평,미래통합당,0.6023,0.3593,0.2386,168,0.4668330595802861,0.5409221368391816,0.4098809505801201,0.502583066462346,0.42912693269141744,0.5442388854432965,-0.03575000688205987,0.11179520414776412,-0.13435793486317638
Gyeonggi,하남시,더불어민주당,0.6678,0.4014,0.2646,151,0.5077348469276114,0.5812696606652834,0.4550604188309913,0.33247574779028055,0.2853055351047453,0.3606211383891957,0.17525909913733084,0.2959641255605381,0.09443928044179561
Gyeonggi,화성시갑,더불어민주당,0.599,0.3622,0.2346,162,0.4965312441834887,0.5501305877528114,0.45683079776851837,0.44240173268583227,0.3907703598178247,0.4712274533146915,0.054129511497656435,0.15936022793498672,-0.014396655546173143
Gyeonggi,화성시병,더불어민주당,0.6341,0.4011,0.2311,164,0.6445063838744565,0.6961742974926812,0.607943967670163,0.34388723152523426,0.29269312727779656,0.36950006811061165,0.3006191523492222,0.40348117021488467,0.23844389955955136
Gyeonggi,화성시을,더불어민주당,0.6882,0.443,0.2434,163,0.6453453748241222,0.699911249167961,0.6090190000805088,0.3455515199109977,0.2922121144885733,0.3710148136220916,0.29979385491312455,0.4076991346793877,0.2380041864584172
Gyeongnam,거제시,미래통합당,0.6614,0.3896,0.2687,241,0.3803596448449099,0.4330608122272407,0.3404911167182582,0.5089369344263565,0.46461989975797074,0.5348828135161148,-0.12857728958144654,-0.03155908753073006,-0.19439169679785656
Gyeongnam,김해시갑,더불어민주당,0.6322,0.3838,0.2454,238,0.5106435679629333,0.5791644017919064,0.46049653374414884,0.45087640056532574,0.38769657550936254,0.4858683415298928,0.05976716739760757,0.19146782628254388,-0.02537180778574394
Gyeongnam,김해시을,더불어민주당,0.6531,0.4042,0.2461,239,0.4967683772538141,0.566770272010005,0.4488970180689502,0.41610957004160887,0.3575120004413955,0.4476776410597495,0.08065880721220525,0.20925827156860943,0.0012193770092007172
Gyeongnam,밀양의령함안창녕,미래통합당,0.668,0.3568,0.3071,240,0.30270450084827516,0.3526358404904427,0.25412512996147024,0.6800172981604071,0.6317775657152772,0.7096813650541252,-0.37731279731213196,-0.2791417252248345,-0.4555562350926549
Gyeongnam,사천남해하동,미래통합당,0.6964,0.3399,0.3501,237,0.3761929723837814,0.4199798317105024,0.32502717618529975,0.5959245483970279,0.5529913540857317,0.6280625470357053,-0.2197315760132465,-0.13301152237522934,-0.30303537085040555
Gyeongnam,산청함양거창합천,무소속,0.726,0.3427,0.3774,249,0.1794536106607479,0.21315491267830955,0.13936949750643646,0.36467283399370554,0.35136981735768563,0.37084781160542285,-0.18521922333295765,-0.13821490467937608,-0.2314783140989864
Gyeongnam,양산시갑,미래통합당,0.6616,0.4494,0.2093,242,0.42037620984989404,0.47732419172222923,0.39019826823502113,0.5699947278894647,0.5135866146685117,0.5908741497091969,-0.14961851803957066,-0.03626242294628251,-0.2006758814741758
Gyeongnam,양산시을,더불어민주당,0.6732,0.4313,0.239,243,0.48948912381690374,0.5608866442199776,0.4455716558602638,0.47262965627940445,0.4053186182815812,0.5052777445126854,0.016859467537499284,0.15556802593839636,-0.05970608865242155
Gyeongnam,진주시갑,미래통합당,0.6914,0.3935,0.2949,234,0.38477514323972273,0.44961802739959883,0.33171633536643175,0.547562875178765,0.486897699628697,0.5856903580570743,-0.16278773193904228,-0.03727967222909817,-0.2539740226906425
Gyeongnam,진주시을,미래통합당,0.6667,0.3745,0.2894,235,0.33828196628817264,0.39278470400519244,0.2910228184605255,0.5902743493899428,0.537847851367066,0.6203576058105801,-0.2519923831017702,-0.1450631473618736,-0.32933478735005456
Gyeongnam,창원시마산합포구,미래통합당,0.6829,0.4035,0.2758,246,0.34180282402857115,0.41031621979078997,0.29015990760171134,0.6296746820291745,0.5620295779728267,0.6686675451011013,-0.2878718580006034,-0.15171335818203674,-0.3785076374993899
Gyeongnam,창원시마산회원구,미래통합당,0.7021,0.4415,0.2578,247,0.4195397277508868,0.4750362741133655,0.38234122897356676,0.5642528876229752,0.5102637901096548,0.5894816340542396,-0.14471315987208838,-0.035227515996289316,-0.20714040508067283
Gyeongnam,창원시성산구,미래통합당,0.7218,0.4595,0.2592,245,0.15820826952526798,0.1829868883914295,0.14216339744810513,0.473062787136294,0.4111928365845859,0.5028923062273852,-0.314854517611026,-0.2282059481931564,-0.3607289087792801
Gyeongnam,창원시의창구,미래통합당,0.6854,0.4449,0.2373,244,0.36707976146105104,0.4398423228535718,0.32453243095378004,0.5904770778978755,0.5197577156042689,0.6213653218779761,-0.22339731643682448,-0.07991539275069709,-0.29683289092419607
Gyeongnam,창원시진해구,미래통합당,0.6791,0.381,0.282,248,0.48864229008518284,0.5446463529791106,0.4293565299482459,0.5022116629000792,0.4466017181418273,0.5369274600043831,-0.013569372814896397,0.09804463483728326,-0.10757093005613716
Gyeongnam,통영고성,미래통합당,0.6751,0.3753,0.2946,236,0.38923285285866305,0.45822824018761893,0.3287908099501806,0.5834768308019735,0.5186070180096465,0.6245912584958313,-0.1942439779433105,-0.06037877782202755,-0.2958004485456507
Gyeongbuk,경산시,미래통합당,0.6288,0.4075,0.2194,231,0.2718286063481793,0.34113739969883866,0.23098881147944397,0.6375786333081707,0.5682047897027579,0.6663130379622237,-0.36575002695999137,-0.22706739000391923,-0.4353242264827798
Gyeongbuk,경주시,미래통합당,0.6716,0.3544,0.3144,223,0.14729492461041313,0.17514510568348776,0.11943435887636156,0.5267501520089087,0.5064952067846908,0.5345436015032805,-0.3794552273984956,-0.3313501011012031,-0.41510924262691895
Gyeongbuk,고령성주칠곡,미래통합당,0.6384,0.3731,0.262,233,0.24020917847461212,0.2844371635853031,0.20513940806188002,0.6271124526560667,0.5722209220688041,0.6556305322264835,-0.38690327418145465,-0.2877837584835011,-0.45049112416460346
Gyeongbuk,구미시갑,미래통합당,0.6393,0.3954,0.2418,227,0.3158610082801295,0.38750384733764237,0.2676278857923653,0.6557844662624962,0.5870918862608613,0.6883771243132455,-0.33992345798236673,-0.1995880389232189,-0.4207492385208802
Gyeongbuk,구미시을,미래통합당,0.6047,0.3795,0.2227,226,0.3569304109021193,0.40927107637815197,0.32047496998994257,0.5643504844810612,0.5128327664239732,0.5844174804529085,-0.20742007357894188,-0.10356169004582128,-0.26394251046296596
Gyeongbuk,군위의성청송영덕,미래통합당,0.7205,0.3047,0.41,232,0.18924342542906558,0.2082295235129243,0.1598138291033454,0.7930728635416204,0.7750311429461227,0.8024377073208362,-0.6038294381125549,-0.5668016194331984,-0.6426238782174908
Gyeongbuk,김천시,미래통합당,0.6786,0.3132,0.3606,224,0.2100987516303335,0.24402674521905832,0.16903420363463217,0.745208372150798,0.7100808902604386,0.7720551278999022,-0.5351096205204645,-0.4660541450413803,-0.60302092426527
Gyeongbuk,상주문경,미래통합당,0.6866,0.3247,0.3558,230,0.1807075289861519,0.21356889380699812,0.1409129919489967,0.648004823611976,0.6071851032166978,0.6787772283297233,-0.4672972946258241,-0.3936162094096997,-0.5378642363807267
Gyeongbuk,안동예천,미래통합당,0.6797,0.3471,0.3273,225,0.2614521430768982,0.2982992739983867,0.222047342257406,0.471064008938258,0.4564399031997849,0.47742749840270526,-0.20961186586135983,-0.1581406292013982,-0.2553801561452993
Gyeongbuk,영주영양봉화울진,미래통합당,0.6951,0.3531,0.3365,228,0.21079457316622757,0.25005502971604665,0.17022356112256223,0.5583269724800761,0.5360402309554851,0.568162359283336,-0.34753239931384855,-0.2859852012394385,-0.3979387981607738
Gyeongbuk,영천청도,미래통합당,0.6961,0.3816,0.3103,229,0.22563699629588058,0.2805184998741505,0.17754258643281928,0.6463127174767089,0.5918701233324943,0.6808991029130128,-0.42067572118082835,-0.31135162345834383,-0.5033565164801935
Gyeongbuk,포항시남구울릉,미래통합당,0.6581,0.4213,0.2346,221,0.34313183942194286,0.39587045383083536,0.30913518418543745,0.5583058387949181,0.49969604863221884,0.5832136826749675,-0.21517399937297527,-0.10382559480138348,-0.2740784984895301
Gyeongbuk,포항시북구,미래통합당,0.6731,0.4316,0.2385,222,0.31389141782979757,0.3675814719544016,0.2806637078878354,0.6478054978811478,0.5914095897255585,0.6717369376639096,-0.33391408005135026,-0.22382811777115685,-0.3910732297760742
Gwangju,광산구갑,더불어민주당,0.634,0.3428,0.2892,98,0.7777560076067539,0.7859991921639907,0.7573960777740529,0.0,0.0,0.0,0.7777560076067539,0.7859991921639907,0.7573960777740529
Gwangju,광산구을,더불어민주당,0.6408,0.365,0.2739,99,0.8405515229396033,0.8452185209995331,0.8227155534236719,0.0,0.0,0.0,0.8405515229396033,0.8452185209995331,0.8227155534236719
Gwangju,동구남구갑,더불어민주당,0.6735,0.338,0.3317,97,0.7723895484886718,0.793992260772611,0.7400812973705382,0.0,0.0,0.0,0.7723895484886718,0.793992260772611,0.7400812973705382
Gwangju,동구남구을,더불어민주당,0.6726,0.3079,0.3622,96,0.7227672808355827,0.7407012659329186,0.6896238552940286,0.0,0.0,0.0,0.7227672808355827,0.7407012659329186,0.6896238552940286
Gwangju,북구갑,더불어민주당,0.6633,0.3038,0.3569,92,0.5779895589488427,0.5954263692716002,0.5495756091381276,0.02373233297746261,0.017196560687862426,0.03088974283180609,0.5542572259713802,0.5782298085837377,0.5186858663063215
Gwangju,북구을,더불어민주당,0.6655,0.3454,0.3176,93,0.7882837935278993,0.7986765468240173,0.7691785283641253,0.0,0.0,0.0,0.7882837935278993,0.7986765468240173,0.7691785283641253
Gwangju,서구갑,더불어민주당,0.6486,0.3189,0.3276,95,0.8218081320871091,0.8351784960360276,0.7982449865274102,0.04202448166247569,0.034596800675517195,0.04888284808164628,0.7797836504246334,0.8005816953605104,0.7493621384457638
Gwangju,서구을,더불어민주당,0.6763,0.3407,0.3328,94,0.7583002314041405,0.779319516234255,0.7265418795554156,0.0,0.0,0.0,0.7583002314041405,0.779319516234255,0.7265418795554156
Daegu,달서구갑,미래통합당,0.6643,0.4497,0.2129,76,0.26882445256627663,0.3348240710292667,0.23378115473582622,0.5761351547770768,0.5171982900361723,0.595275662923758,-0.30731070221080015,-0.18237421900690565,-0.3614945081879318
Daegu,달서구병,미래통합당,0.6423,0.4159,0.2241,75,0.27615892466989644,0.34615253718136335,0.23418840422845186,0.5579462334948229,0.5157744273899874,0.5716166973337663,-0.2817873088249264,-0.169621890208624,-0.3374282931053144
Daegu,달서구을,미래통합당,0.6901,0.4808,0.2069,77,0.2806594261350542,0.34690244195837844,0.24933798194403264,0.6536788430513943,0.590087814266811,0.674379134417782,-0.37301941691634016,-0.24318537230843257,-0.4250411524737493
Daegu,달성군,미래통합당,0.642,0.4439,0.1957,78,0.2701950916339493,0.3364490627952071,0.23782408660351828,0.6733920477800179,0.6095808680952618,0.6933369418132611,-0.40319695614606865,-0.2731318053000547,-0.45551285520974283
Daegu,동구갑,미래통합당,0.6613,0.3871,0.2717,68,0.2662540226625402,0.31736042434594985,0.22624218116830488,0.6959545269595453,0.6472474452336,0.7207040585191496,-0.42970050429700507,-0.32988702088765015,-0.4944618773508448
Daegu,동구을,미래통합당,0.6508,0.4504,0.1976,69,0.30542694772772666,0.36972882570780075,0.27220789270054163,0.6033462243767816,0.5505913272010512,0.6164818158369874,-0.297919276649055,-0.18086250149325045,-0.3442739231364457
Daegu,북구갑,미래통합당,0.6726,0.4147,0.2548,71,0.2579226843918881,0.31381855229480904,0.21932912154031287,0.49820174364961306,0.45955818403200555,0.5156287605294826,-0.24027905925772497,-0.1457396317371965,-0.2962996389891697
Daegu,북구을,미래통합당,0.669,0.4568,0.21,72,0.33548995525923325,0.40709322053594255,0.2971062583615123,0.616852355469778,0.5470053687219653,0.6387194640204784,-0.28136240021054476,-0.1399121481860227,-0.34161320565896613
Daegu,서구,미래통합당,0.6361,0.4014,0.2331,70,0.178084828347701,0.22489715910659563,0.14829710087559575,0.6743924552002188,0.6298003920377682,0.6907072850198711,-0.49630762685251784,-0.40490323293117253,-0.5424101841442753
Daegu,수성구갑,미래통합당,0.7491,0.4451,0.3018,73,0.3929931751706207,0.4544589275343615,0.3479161694834357,0.5981020474488138,0.5383299993547138,0.6337404812010501,-0.20510887227819308,-0.0838710718203523,-0.2858243117176144
Daegu,수성구을,무소속,0.7006,0.4225,0.276,74,0.25132104528610616,0.31171175566560144,0.20873709794514061,0.357716925742336,0.3276413046129827,0.37295224266910765,-0.10639588045622983,-0.015929548947381245,-0.16421514472396703
Daegu,중구남구,미래통합당,0.6462,0.3878,0.2561,67,0.31011067576216417,0.37342258096269315,0.26375867331888314,0.6749036074991024,0.6134068313810415,0.7062422244738293,-0.3647929317369382,-0.2399842504183483,-0.4424835511549462
Daejeon,대덕구,더불어민주당,0.645,0.3871,0.2555,106,0.49395667046750286,0.5588281495444549,0.44583660510054285,0.4624961127811755,0.40182218033301914,0.4971663650950804,0.031460557686327384,0.15700596921143578,-0.05132975999453754
Daejeon,동구,더불어민주당,0.6282,0.3568,0.269,102,0.5101540150355931,0.5761820686443802,0.45403162855242996,0.47563369037322867,0.41207970353698997,0.5171586342478822,0.03452032466236443,0.16410236510739018,-0.06312700569545227
Daejeon,서구갑,더불어민주당,0.64,0.3871,0.2504,101,0.5558867141162515,0.621062003902476,0.5071747738583936,0.4279359430604982,0.3642752950537064,0.4641261307080321,0.12795077105575325,0.2567867088487696,0.0430486431503615
Daejeon,서구을,더불어민주당,0.6605,0.382,0.2764,100,0.5750300901076738,0.6402050644710269,0.5197863929537416,0.4077616212875313,0.34625990368183934,0.44667452666620433,0.1672684688201425,0.29394516078918753,0.0731118662875373
Daejeon,유성구갑,더불어민주당,0.6666,0.3996,0.2647,104,0.5652798728036202,0.6317058778253842,0.5153201937306605,0.4034815932161931,0.3396618518613541,0.4414099286963541,0.16179827958742715,0.2920440259640301,0.07391026503430642
Daejeon,유성구을,더불어민주당,0.7221,0.407,0.3128,105,0.5585556582513787,0.6265210309475903,0.5007659481343691,0.3700061271328134,0.3048050205997892,0.4156180471969946,0.18854953111856526,0.32171601034780106,0.08514790093737457
Daejeon,중구,더불어민주당,0.6483,0.3781,0.2678,103,0.5030804248861912,0.5713027361312463,0.44840428947537403,0.4817754172989378,0.41640210669260275,0.5216335966095165,0.0213050075872534,0.15490062943864352,-0.07322930713414244
Busan,금정구,미래통합당,0.6855,0.4116,0.2707,62,0.4041427817830139,0.47772197884389356,0.35036715813819025,0.5419236855987339,0.4725754176015956,0.5813934663197456,-0.13778090381572006,0.005146561242297953,-0.2310263081815554
Busan,기장군,미래통합당,0.6464,0.4419,0.2015,66,0.4441883207599888,0.5087221246871615,0.4106486941870261,0.4963444165036789,0.43849688095327033,0.5174726200505476,-0.05215609574369007,0.07022524373389116,-0.10682392586352152
Busan,남구갑,미래통합당,0.6869,0.4058,0.2774,55,0.42534611809598355,0.4942681709567164,0.3726039727512632,0.535749229489751,0.4693142978131333,0.5753329378311478,-0.11040311139376746,0.024953873143583105,-0.20272896507988458
Busan,남구을,더불어민주당,0.7154,0.4331,0.278,54,0.505012562195182,0.5795598680872653,0.4513651534038361,0.487400857185083,0.4133371385083714,0.5299167638425348,0.017611705010098955,0.16622272957889395,-0.07855161043869874
Busan,동래구,미래통합당,0.6853,0.4328,0.2491,53,0.42789877144887806,0.5103374938986124,0.3753849516202738,0.5185932581988019,0.43971829021686076,0.5582940931036539,-0.09069448674992381,0.07061920368175162,-0.18290914148338006
Busan,부산진구갑,미래통합당,0.6913,0.4185,0.2696,52,0.4502284382284382,0.5260430348912187,0.3961453492801097,0.48519347319347317,0.41828863468105937,0.5233488230364897,-0.03496503496503495,0.10775440021015936,-0.12720347375637997
Busan,부산진구을,미래통합당,0.6481,0.3912,0.2542,51,0.43705765643045397,0.5105464041783849,0.38258039569504415,0.5503469651652897,0.4781538770590599,0.5882580395695044,-0.11328930873483573,0.032392527119325054,-0.20567764387446025
Busan,북구강서구갑,더불어민주당,0.6852,0.4142,0.2684,56,0.5058753918658002,0.5632393807066296,0.46374295876516736,0.48575788402848424,0.43077940981871116,0.5169585269141097,0.020117507837315973,0.13245997088791844,-0.05321556814894235
Busan,북구강서구을,미래통합당,0.6956,0.4678,0.2249,57,0.43200678666475106,0.5111548556430446,0.39033558399677515,0.5203155251797577,0.4467022267377868,0.5512445832913433,-0.08830873851500659,0.06445262890525782,-0.16090899929456814
Busan,사상구,미래통합당,0.6736,0.4113,0.2593,65,0.46540771993663443,0.5100258534698614,0.43121733394225403,0.5203585488652226,0.47932740264234674,0.5400999644796265,-0.05495082892858816,0.030698450827514656,-0.10888263053737246
Busan,사하구갑,더불어민주당,0.6733,0.4232,0.2462,60,0.5000940615789804,0.5753885210470342,0.4485096182186155,0.4913526055057378,0.4169611307420495,0.5279115005992966,0.008741456073242615,0.1584273903049847,-0.07940188238068108
Busan,사하구을,미래통합당,0.6466,0.4173,0.2262,61,0.38781505491988566,0.46339173967459324,0.34230388046047117,0.5879564624224499,0.5151609967004209,0.6202790272165891,-0.20014140750256426,-0.051769257025827686,-0.27797514675611795
Busan,서구동구,미래통합당,0.6523,0.3715,0.2771,50,0.4220808284698758,0.4860163640485563,0.3670164371929399,0.5604019483083944,0.4997217699552771,0.5963789652453448,-0.13832111983851858,-0.013705405906720813,-0.22936252805240492
Busan,수영구,미래통합당,0.6677,0.4094,0.2549,64,0.41005028035398916,0.49030596788851866,0.3546265779491325,0.5593472239647169,0.4817732000403918,0.6011286611529134,-0.14929694361072776,0.008532767848126843,-0.24650208320378092
Busan,연제구,미래통합당,0.7038,0.4419,0.2591,63,0.47744417205962336,0.5559003552625947,0.4262128082489596,0.509526024136273,0.43243590292342593,0.5495496614696564,-0.03208185207664965,0.1234644523391688,-0.12333685322069687
Busan,중구영도구,미래통합당,0.6482,0.3678,0.2763,49,0.44918330308529947,0.5131046839006911,0.39300829363648443,0.5186189403712855,0.45863834143844384,0.5565276802489989,-0.06943563728598606,0.05446634246224724,-0.16351938661251447
Busan,해운대구갑,미래통합당,0.7,0.4349,0.2617,58,0.37381284127283,0.46229547787236613,0.3172327528143943,0.5947731124082094,0.510394654752561,0.6410685076493794,-0.22096027113537942,-0.04809917688019483,-0.3238357548349851
Busan,해운대구을,미래통합당,0.6675,0.4178,0.2468,59,0.45906125852175195,0.5348880349807871,0.4084858053930219,0.52871646476041,0.4545647277063734,0.566066066066066,-0.06965520623865806,0.08032330727441367,-0.15758026067304415
Seoul,강남구갑,미래통합당,0.6237,0.3997,0.221,41,0.3963535665527358,0.4910380575637703,0.3393521215108204,0.5840877622750027,0.4922111580957577,0.6274624012425886,-0.1877341957222669,-0.0011731005319874366,-0.28811027973176817
Seoul,강남구병,미래통합당,0.7213,0.4659,0.2517,42,0.3357948888151344,0.4339911759266598,0.27930897874869126,0.6538057307224251,0.5560487173390399,0.7014063782223605,-0.3180108419072907,-0.12205754141238012,-0.42209739947366925
Seoul,강남구을,미래통합당,0.7302,0.4341,0.2929,43,0.46413913248885347,0.5415266913513646,0.40769862114248195,0.5094634895325834,0.4362816017262941,0.5545797767564018,-0.04532435704372989,0.10524508962507045,-0.14688115561391984
Seoul,강동구갑,더불어민주당,0.7133,0.4352,0.275,47,0.5150256676472285,0.5951768435378666,0.4582528305806586,0.47708497561413293,0.3976365537501452,0.5217617118520826,0.037940692033095524,0.19754028978772137,-0.06350888127142407
Seoul,강동구을,더불어민주당,0.6621,0.3954,0.2641,48,0.545426893900989,0.6206156544212664,0.4891491928709968,0.42046030619486974,0.34970924866162084,0.4629270453122375,0.12496658770611924,0.2709064057596456,0.02622214755875929
Seoul,강북구갑,더불어민주당,0.6179,0.3571,0.2579,12,0.5775469716419652,0.6459459459459459,0.5171647418343454,0.39491189170264906,0.32894956812482584,0.43461523197206015,0.18263507993931616,0.31699637782112006,0.08254950986228521
Seoul,강북구을,더불어민주당,0.6519,0.4057,0.2439,13,0.6445205634312329,0.718892341105849,0.5914346664754495,0.34714779895543646,0.2744110283249374,0.3853324489539824,0.2973727644757964,0.4444813127809116,0.20610221752146712
Seoul,강서구갑,더불어민주당,0.6591,0.4017,0.255,29,0.5589824979059207,0.6355505996404432,0.5047279291670248,0.3837146761892166,0.3143162733541178,0.42366543453967165,0.17526782171670408,0.3212343262863254,0.08106249462735315
Seoul,강서구병,더불어민주당,0.6753,0.3858,0.2854,27,0.5992309335612048,0.6795999385870638,0.5342437143545666,0.36553876447804723,0.2898690588467528,0.41408948509920473,0.2336921690831576,0.389730879740311,0.1201542292553619
Seoul,강서구을,더불어민주당,0.6833,0.4133,0.2671,28,0.5615163737716513,0.6345017300294428,0.5067225735496288,0.42339398940694023,0.3533128451999742,0.46242782513060215,0.13812238436471108,0.2811888848294686,0.04429474841902664
Seoul,관악구갑,더불어민주당,0.6657,0.3905,0.2727,37,0.5592895570786351,0.6222128404790943,0.45652357079664657,0.0,0.0,0.0,0.5592895570786351,0.6222128404790943,0.45652357079664657
Seoul,관악구을,더불어민주당,0.6497,0.3723,0.2751,38,0.5390114667479173,0.6141211940612455,0.4765427043075427,0.417128036681703,0.3473505232344125,0.462478564664329,0.12188343006621433,0.26677067082683303,0.01406413964321368
Seoul,광진구갑,더불어민주당,0.6803,0.411,0.2667,5,0.5368027765660857,0.6180350843280337,0.4787642387605091,0.40607279003167257,0.33047407335814044,0.45068299429672565,0.1307299865344131,0.2875610109698932,0.02808124446378346
Seoul,광진구을,더불어민주당,0.7119,0.4177,0.2916,4,0.5037261424668735,0.582880065270601,0.4438026776325083,0.4782099648757643,0.404224458344665,0.5253401974479306,0.025516177591109246,0.17865560692593596,-0.08153751981542229
Seoul,구로구갑,더불어민주당,0.6905,0.434,0.2536,31,0.5392850288248967,0.6244803248573915,0.48419355199946246,0.3934331838182503,0.31375809726384996,0.4354360071221402,0.14585184500664639,0.3107222275935415,0.048757544877322256
Seoul,구로구을,더불어민주당,0.6778,0.3971,0.2781,30,0.570467749977106,0.647047170979324,0.5099083009925474,0.3766623592018641,0.309471338368206,0.41920527526874335,0.19380539077524195,0.33757583261111795,0.09070302572380401
Seoul,금천구,더불어민주당,0.6363,0.3831,0.251,32,0.4963008394986008,0.5624405674474567,0.4463322986440124,0.3547974086709855,0.29435851656348855,0.3892400688675807,0.1415034308276153,0.2680820508839682,0.05709222977643169
Seoul,노원구갑,더불어민주당,0.6913,0.4346,0.254,16,0.5678368671069401,0.6425629290617849,0.5169603816085862,0.387419555302767,0.3185640732265446,0.4228170133828011,0.18041731180417314,0.3239988558352403,0.09414336822578506
Seoul,노원구병,더불어민주당,0.6961,0.4138,0.2792,18,0.5315092083233676,0.5970593842341054,0.4824526404826122,0.44365462807940687,0.37877704699266035,0.48349000143634596,0.0878545802439607,0.21828233724144508,-0.0010373609537337458
Seoul,노원구을,더불어민주당,0.7072,0.451,0.2528,17,0.6267853084628429,0.6967795492833948,0.5798041632243996,0.3652955264584025,0.2965060917547672,0.39910884786760026,0.26148978200444034,0.4002734575286276,0.1806953153567994
Seoul,도봉구갑,더불어민주당,0.664,0.3964,0.2653,14,0.5402929035423623,0.6111244433778631,0.48709557587872143,0.40497701357852184,0.33813294936405086,0.4455431533141108,0.13531588996384042,0.27299149401381223,0.041552422564610614
Seoul,도봉구을,더불어민주당,0.6655,0.4082,0.2542,15,0.5301022184894606,0.6034598005400925,0.47726636014567986,0.4563369318065428,0.3845084356033261,0.4939437385672616,0.07376528668291782,0.21895136493676642,-0.016677378421581734
Seoul,동대문구갑,더불어민주당,0.6647,0.3849,0.277,6,0.5272680781425795,0.6031878371750858,0.46553889082664807,0.4180628004500358,0.3447278077488965,0.465364492500872,0.10920527769254368,0.25846002942618934,0.00017439832577609282
Seoul,동대문구을,더불어민주당,0.6655,0.4286,0.2345,7,0.5454707067514716,0.6225171160510523,0.4897516312668143,0.4381148026705645,0.36229679091651873,0.4662970614902124,0.10735590408090706,0.2602203251345336,0.02345456977660193
Seoul,동작구갑,더불어민주당,0.6941,0.4056,0.2855,35,0.5529334025581725,0.6298791777213644,0.49191606009394667,0.4289265430059313,0.3535912656754023,0.47625384236649854,0.12400685955224117,0.2762879120459621,0.015662217727448136
Seoul,동작구을,더불어민주당,0.7344,0.4245,0.3069,36,0.5216095000254829,0.6025987209420364,0.4574198988195616,0.450418769005997,0.3726322200791798,0.5012938303192417,0.07119073101948592,0.22996650086285658,-0.04387393149968011
Seoul,마포구갑,더불어민주당,0.7055,0.4099,0.2924,23,0.5599974717947097,0.6379498641200823,0.49752697035948534,0.42953154462809046,0.3525512406979402,0.4790688505788323,0.13046592716661926,0.28539862342214206,0.018458119780653037
Seoul,마포구을,더불어민주당,0.6884,0.4092,0.2763,24,0.5375550455870496,0.6205181586860976,0.47449590929588353,0.3678208149848043,0.28843781324697354,0.41588610449011143,0.1697342306022453,0.33208034543912407,0.0586098048057721
Seoul,서대문구갑,더불어민주당,0.6905,0.4043,0.2828,21,0.5324898729260308,0.6042467905313905,0.4760761961901905,0.4164252816158926,0.34757055414116245,0.46027073646317684,0.11606459131013819,0.2566762363902281,0.015805459727013638
Seoul,서대문구을,더불어민주당,0.6827,0.3976,0.2824,22,0.6133139858889836,0.6786040377396774,0.5571428571428572,0.3769912621052964,0.3138125190220148,0.4157623198719089,0.23632272378368718,0.3647915187176626,0.14138053727094824
Seoul,서초구갑,미래통합당,0.7217,0.437,0.2812,40,0.36903351024544406,0.4653155633880383,0.30326670602457056,0.6260284089933186,0.5299922898997687,0.6823536026538473,-0.2569948987478745,-0.06467672651173034,-0.3790868966292767
Seoul,서초구을,미래통합당,0.714,0.429,0.2814,39,0.4501135339700847,0.5414566440207466,0.38568219900887735,0.5366372319336817,0.44676382496895317,0.5900150926355069,-0.08652369796359705,0.09469281905179339,-0.20433289362662954
Seoul,성북구갑,더불어민주당,0.6831,0.3869,0.2931,11,0.6090467904524863,0.6780476979019069,0.547174632376426,0.36509474828014066,0.2988374276593202,0.40941320761948563,0.24395204217234567,0.3792102702425867,0.13776142475694042
Seoul,성북구을,더불어민주당,0.6673,0.4037,0.2613,10,0.5935958110965663,0.663893581984217,0.5403179388789914,0.38216191722887927,0.31439936696678716,0.42118678909140744,0.21143389386768707,0.34949421501742983,0.11913114978758393
Seoul,송파구갑,미래통합당,0.7208,0.4184,0.2998,44,0.4802935986022459,0.5583287659682111,0.4197908238185142,0.5120240217038201,0.4352628694295712,0.5613743294674698,-0.0317304231015742,0.12306589653863992,-0.1415835056489556
Seoul,송파구병,더불어민주당,0.7026,0.429,0.2708,45,0.5248960720567073,0.604334546960468,0.4694245965257434,0.43216036881095776,0.356771866857626,0.4754672518349566,0.09273570324574953,0.24756268010284194,-0.006042655309213163
Seoul,송파구을,미래통합당,0.7198,0.4479,0.2689,46,0.46043170504589404,0.5420303427608166,0.4077923527770025,0.5046034068711536,0.42691515265030905,0.5470946134524142,-0.044171701825259535,0.11511519011050758,-0.13930226067541168
Seoul,양천구갑,더불어민주당,0.736,0.4439,0.2892,25,0.5185067303229229,0.602962239034829,0.45822710335359873,0.4496651415688615,0.36972382765767436,0.49758122507681246,0.06884158875406143,0.23323841137715468,-0.03935412172321373
Seoul,양천구을,더불어민주당,0.6665,0.3906,0.2734,26,0.5753994931995656,0.6458075478822715,0.5184002786162062,0.41282687766113324,0.3441859489395624,0.4546813327141862,0.16257261553843239,0.30162159894270907,0.06371894590201999
Seoul,영등포구갑,더불어민주당,0.692,0.4088,0.2805,34,0.5626184337237116,0.6439775534828491,0.5007937127540532,0.38280885961914823,0.30752877635837816,0.4306867567075234,0.17980957410456333,0.33644877712447097,0.07010695604652978
Seoul,영등포구을,더불어민주당,0.6802,0.3941,0.2832,33,0.5026319442220015,0.5874288935581408,0.4355226271525831,0.4435012866096501,0.36421872597755345,0.4948301598281574,0.05913065761235142,0.22321016758058732,-0.059307532675574315
Seoul,용산구,미래통합당,0.6645,0.3747,0.2866,2,0.4714126441339988,0.5544731231257258,0.40338573473595735,0.4780721773680627,0.3994695695886564,0.5325111960390319,-0.006659533234063875,0.1550035535370694,-0.1291254613030745
Seoul,은평구갑,더불어민주당,0.6561,0.3675,0.2857,19,0.6429230883776338,0.7066131922518987,0.5856150871932455,0.33943116670389395,0.27823193105213756,0.3831110760409269,0.30349192167373984,0.4283812611997611,0.20250401115231859
Seoul,은평구을,더불어민주당,0.6617,0.3912,0.2656,20,0.5741304031436472,0.6490437677540756,0.5164162763822152,0.3623635569786057,0.29421556387848524,0.4047685663889058,0.21176684616504143,0.35482820387559033,0.11164770999330942
Seoul,종로구,더불어민주당,0.708,0.3571,0.3467,0,0.5838278142878411,0.6626845608481668,0.4987406065904786,0.39977455922074057,0.3240465711250352,0.46807801994213033,0.18405325506710057,0.33863798972313164,0.030662586648348256
Seoul,중구성동구갑,더불어민주당,0.6828,0.3913,0.2887,3,0.5425026012563104,0.6122051543389633,0.48497825537630834,0.40931827816100813,0.34220297029702973,0.45355162186963865,0.13318432309530231,0.27000218404193355,0.03142663350666969
Seoul,중구성동구을,더불어민주당,0.6785,0.3921,0.2829,1,0.5196013235151004,0.598492501359857,0.45737402334263155,0.47279981834106466,0.39463050742093403,0.5228638439013559,0.046801505174035696,0.20386199393892296,-0.06548982055872432
Seoul,중랑구갑,더불어민주당,0.6104,0.3529,0.2555,8,0.5776114716349173,0.6368606305699094,0.5273007013024188,0.3628846556416161,0.30981801842282636,0.39696937169028196,0.21472681599330123,0.327042612147083,0.13033132961213684
Seoul,중랑구을,더불어민주당,0.6568,0.4002,0.2537,9,0.5928725097371178,0.6611789038262668,0.5432496299566335,0.3807113094524021,0.3144984488107549,0.4183956997065621,0.2121612002847157,0.34668045501551187,0.12485393025007141
Sejong,세종갑,더불어민주당,0.7045,0.3549,0.3472,114,0.5645680494868665,0.6219889073084873,0.5033326720888712,0.3279211277838885,0.2816765927836106,0.3693314818488395,0.23664692170297796,0.3403123145248767,0.1340011902400317
Sejong,세종을,더불어민주당,0.6623,0.3637,0.2961,113,0.5796476903303848,0.6436513074563008,0.520865918621784,0.3968523978730375,0.33639203985701016,0.44062110393290266,0.18279529245734727,0.3072592675992907,0.08024481468888134
Ulsan,남구갑,미래통합당,0.7071,0.4341,0.2707,108,0.4327942697508966,0.5114064118434681,0.37915791112148806,0.5340886023334719,0.4569638481166157,0.5763250058370302,-0.10129433258257531,0.05444256372685241,-0.1971670947155421
Ulsan,남구을,미래통합당,0.6691,0.433,0.2341,107,0.40114013911131297,0.47403662202787644,0.3565109760093196,0.5848053158687286,0.5129475266466248,0.6148749499435727,-0.18366517675741567,-0.038910904618748354,-0.25836397393425314
Ulsan,동구,미래통합당,0.6847,0.4093,0.2731,109,0.24532408352037,0.2845955225151094,0.21581857370443258,0.3836518624317033,0.3442101977697699,0.40532283759722615,-0.1383277789113333,-0.05961467525466052,-0.18950426389279357
Ulsan,북구,더불어민주당,0.6816,0.434,0.2458,111,0.46346321530544204,0.5322179301846103,0.4196981963449109,0.40893159397493545,0.3329857572813233,0.4467463867174539,0.0545316213305066,0.19923217290328699,-0.027048190372543024
Ulsan,울주군,미래통합당,0.6839,0.4122,0.2689,112,0.43400068405437436,0.5063554612508842,0.3815569923871102,0.5274934179651769,0.4564009295746186,0.5674992178537908,-0.09349273391080254,0.04995453167626557,-0.18594222546668054
Ulsan,중구,미래통합당,0.6898,0.4246,0.2629,110,0.3432529942102843,0.4227766879189145,0.2902366752934999,0.5404695669791398,0.45906898806604546,0.583949089181451,-0.1972165727688555,-0.036292300147130974,-0.29371241388795116
Incheon,계양구갑,더불어민주당,0.6293,0.3871,0.2401,88,0.6048722761772627,0.6693620204466926,0.5581873455372569,0.3657607660708942,0.3045631033377266,0.39962382170898675,0.2391115101063685,0.36479891710896595,0.15856352382827016
Incheon,계양구을,더불어민주당,0.6266,0.379,0.2457,89,0.5867347516445692,0.6564887697142693,0.5343493074587068,0.38747296792382335,0.3207335005622351,0.4264498926005481,0.19926178372074588,0.3357552691520342,0.10789941485815868
Incheon,남동구갑,더불어민주당,0.6175,0.3831,0.2321,84,0.5438694826838856,0.6149111486151096,0.4943549923780488,0.44441953275637863,0.3757569740891492,0.48061166158536583,0.09944994992750694,0.23915417452596044,0.013743330792682973
Incheon,남동구을,더불어민주당,0.6386,0.3891,0.2465,85,0.5457511133890662,0.6056870509397789,0.5018161780416766,0.37584413245693626,0.3228933364390532,0.40557561035952455,0.16990698093212997,0.2827937145007257,0.096240567682152
Incheon,동구미추홀구갑,더불어민주당,0.6523,0.3557,0.2944,80,0.4752660018940449,0.522017614091273,0.42975998386446146,0.4391677343880564,0.3994580279608302,0.46581282775312627,0.03609826750598849,0.12255958613044282,-0.03605284388866481
Incheon,동구미추홀구을,무소속,0.6193,0.3697,0.2474,81,0.4044600447052249,0.4581476627348187,0.36332774760198777,0.15579596255937414,0.13691568370467452,0.16608401710389462,0.24866408214585076,0.3212319790301442,0.19724373049809316
Incheon,부평구갑,더불어민주당,0.5963,0.3668,0.2273,86,0.5668662090364884,0.626880276285495,0.5218039114469069,0.4182193404856344,0.35988104374520336,0.44838509098161594,0.14864686855085402,0.2669992325402917,0.07341882046529091
Incheon,부평구을,더불어민주당,0.6531,0.3976,0.2531,87,0.5612963690782115,0.6238022902547324,0.5148997275338129,0.36119509024397617,0.3067889693853704,0.39135717617025456,0.20010127883423529,0.317013320869362,0.1235425513635583
Incheon,서구갑,더불어민주당,0.6385,0.3921,0.2442,91,0.5323517474002435,0.5916773367477592,0.49106739542867467,0.4250094472980728,0.3703310773733309,0.4550885355497335,0.10734230010217072,0.22134625937442837,0.03597885987894117
Incheon,서구을,더불어민주당,0.6215,0.3839,0.2345,90,0.6164381543176678,0.6727893146144097,0.5744961231189185,0.37399158642334585,0.31896265964707027,0.4016542928074737,0.24244656789432195,0.35382665496733945,0.1728418303114448
Incheon,연수구갑,더불어민주당,0.6476,0.3803,0.2643,83,0.5687932263591681,0.6297497399498256,0.5196144456604092,0.4208011806345911,0.362020436884293,0.45603586160451215,0.14799204572457697,0.26772930306553266,0.063578584055897
Incheon,연수구을,더불어민주당,0.7204,0.4592,0.2583,82,0.4178516320474778,0.4852217292453038,0.37720834978286616,0.39495944609297723,0.34865240712535595,0.41863649822345045,0.022892185954500543,0.13656932211994788,-0.04142814844058429
Incheon,중구강화옹진,미래통합당,0.6437,0.3542,0.2844,79,0.4764568126765437,0.5244646924829157,0.43155010814708,0.5028448185673703,0.4574760820045558,0.5338139870223504,-0.02638800589082657,0.06698861047835991,-0.10226387887527039
Jeonnam,고흥보성장흥강진,더불어민주당,0.7338,0.2919,0.4378,218,0.6281733665955959,0.6351917685482239,0.6023018715954133,0.0,0.0,0.0,0.6281733665955959,0.6351917685482239,0.6023018715954133
Jeonnam,나주화순,더불어민주당,0.6528,0.2948,0.3542,216,0.7880519209716937,0.8068484488474141,0.7407573381133766,0.0,0.0,0.0,0.7880519209716937,0.8068484488474141,0.7407573381133766
Jeonnam,담양함평영광장성,더불어민주당,0.6853,0.2773,0.4048,217,0.819581070302708,0.8288178328809803,0.7852536248456295,0.0,0.0,0.0,0.819581070302708,0.8288178328809803,0.7852536248456295
Jeonnam,목포시,더불어민주당,0.6787,0.2899,0.3849,211,0.4876678531299845,0.5164480518581105,0.44491741250090955,0.020067730554966252,0.016385722398437608,0.024248708433384267,0.46760012257501826,0.5000623294596729,0.42066870406752527
Jeonnam,순천광양곡성구례갑,더불어민주당,0.7035,0.3507,0.3499,214,0.5856366784072593,0.6056897766980099,0.5592132505175983,0.03028177422243448,0.025539509005563805,0.0341910677314404,0.5553549041848248,0.5801502676924462,0.5250221827861579
Jeonnam,순천광양곡성구례을,더불어민주당,0.6715,0.3363,0.3322,215,0.6475161805497184,0.6721657069285077,0.6145645127922212,0.04337227872572918,0.037054853634035566,0.04856216812633612,0.6041439018239892,0.6351108532944721,0.5660023446658852
Jeonnam,여수시갑,더불어민주당,0.6447,0.3381,0.3035,212,0.6444441486175269,0.6771218232589625,0.6004480955937267,0.03788655333537454,0.030491072687783827,0.04339058999253174,0.6065575952821524,0.6466307505711787,0.5570575056011949
Jeonnam,여수시을,더불어민주당,0.6508,0.356,0.2919,213,0.715813875182926,0.7456117596195417,0.6801668492065341,0.03714208011189246,0.030869001297016863,0.04133945424463449,0.6786717950710336,0.7147427583225249,0.6388273949618997
Jeonnam,영암무안신안,더불어민주당,0.6574,0.3023,0.3474,220,0.7696613576619762,0.7903718549940651,0.730740578439965,0.03617339312406577,0.031717615924967406,0.03875985977212971,0.7334879645379104,0.7586542390690978,0.6919807186678353
Jeonnam,해남완도진도,더불어민주당,0.6804,0.3276,0.3427,219,0.6750653968541566,0.6946927436879718,0.6363009764503159,0.0,0.0,0.0,0.6750653968541566,0.6946927436879718,0.6363009764503159
Jeonbuk,군산시,더불어민주당,0.6723,0.329,0.3398,204,0.5924905982450057,0.595389056588851,0.5831110392584808,0.03546662043581469,0.027734205080210378,0.04255921105811979,0.557023977809191,0.5676548515086406,0.5405518282003611
Jeonbuk,김제부안,더불어민주당,0.6553,0.2944,0.3549,209,0.6667992200728616,0.6848577835477399,0.6302473972909437,0.0,0.0,0.0,0.6667992200728616,0.6848577835477399,0.6302473972909437
Jeonbuk,남원임실순창,무소속,0.7366,0.2716,0.4596,208,0.4642844844408223,0.4753273465190164,0.4343878954607978,0.0,0.0,0.0,0.4642844844408223,0.4753273465190164,0.4343878954607978
Jeonbuk,완주진안무주장수,더불어민주당,0.7171,0.3115,0.4011,210,0.5689502001377507,0.6041180140832516,0.5124847883895975,0.044389654724947845,0.037258222657990905,0.05187722540226258,0.5245605454128028,0.5668597914252607,0.46060756298733496
Jeonbuk,익산시갑,더불어민주당,0.6336,0.3048,0.3262,205,0.7963824707643751,0.8184100418410042,0.7605855544814252,0.07436032317673559,0.06367677824267783,0.08374533904156885,0.7220221475876395,0.7547332635983264,0.6768402154398563
Jeonbuk,익산시을,더불어민주당,0.6392,0.2986,0.3367,206,0.7259593334352545,0.7418123852767848,0.6974589019017944,0.0,0.0,0.0,0.7259593334352545,0.7418123852767848,0.6974589019017944
Jeonbuk,전주시갑,더불어민주당,0.6419,0.3188,0.3195,201,0.7357297766211234,0.7623809730857863,0.6974388749112961,0.0,0.0,0.0,0.7357297766211234,0.7623809730857863,0.6974388749112961
Jeonbuk,전주시병,더불어민주당,0.6822,0.3556,0.3239,203,0.6665193186113407,0.7066890982503364,0.6196173407604747,0.0,0.0,0.0,0.6665193186113407,0.7066890982503364,0.6196173407604747
Jeonbuk,전주시을,더불어민주당,0.6592,0.3548,0.3016,202,0.6254095781114053,0.6615468563691114,0.5875157157905467,0.06572687387770969,0.053636749459388455,0.07465425260797173,0.5596827042336956,0.6079101069097229,0.512861463182575
Jeonbuk,정읍고창,더불어민주당,0.6595,0.302,0.3529,207,0.6977955997769868,0.7132242794655163,0.6630362658734699,0.0,0.0,0.0,0.6977955997769868,0.7132242794655163,0.6630362658734699
Jeju,서귀포시,더불어민주당,0.6388,0.3693,0.2662,252,0.5548505871462301,0.6158889221258351,0.5025541878037533,0.43361451171692167,0.3751371024030312,0.4695448579233034,0.12123607542930848,0.2407518197228039,0.033009329880449856
Jeju,제주시갑,더불어민주당,0.6136,0.3818,0.229,250,0.4870080606922712,0.5431196934087108,0.44816376735195923,0.37070491544175754,0.3174744330813695,0.398837763887843,0.11630314525051366,0.22564526032734128,0.04932600346411625
Jeju,제주시을,더불어민주당,0.6405,0.3852,0.2517,251,0.553536717952097,0.6130134115674769,0.5088163254259307,0.41068428161960924,0.3516345347862531,0.44418582621757313,0.1428524363324878,0.2613788767812238,0.06463049920835756
Chungnam,공주부여청양,미래통합당,0.661,0.341,0.3169,193,0.46431503313332034,0.5242756115196727,0.4025096212929724,0.48652239778603407,0.430735587182336,0.5307072863102745,-0.022207364652713724,0.09354002433733671,-0.12819766501730212
Chungnam,논산계룡금산,더불어민주당,0.6379,0.3574,0.2778,198,0.510111435718909,0.5797921431724249,0.4480438689461315,0.4634466350611409,0.3948075919906906,0.5086862356573429,0.046664800657768124,0.1849845511817343,-0.060642366711211426
Chungnam,당진시,더불어민주당,0.5949,0.3636,0.2289,199,0.4766351672273897,0.5887350131435533,0.4001159234904963,0.30250593706708884,0.2463935372186959,0.3335598504986709,0.17412923016030085,0.34234147592485736,0.06655607299182542
Chungnam,보령서천,미래통합당,0.6852,0.3463,0.3344,194,0.49135729396161476,0.5362074772650725,0.4415168467352778,0.5086427060383852,0.4637925227349276,0.5431951146602896,-0.01728541207677048,0.07241495453014485,-0.10167826792501178
Chungnam,서산태안,미래통합당,0.6407,0.3516,0.2858,197,0.4420075286261045,0.4990303927790706,0.3903451010379937,0.5269802019183821,0.4708765249277202,0.5648923063851481,-0.08497267329227765,0.028153867851350378,-0.1745472053471544
Chungnam,아산시갑,미래통합당,0.6166,0.3877,0.2268,196,0.49092641913415846,0.5541817665032331,0.44816985694962497,0.49828972792312914,0.4367938605840972,0.5283641431323524,-0.007363308788970679,0.11738790591913595,-0.08019428618272739
Chungnam,아산시을,더불어민주당,0.6094,0.3879,0.2197,195,0.5971655119728142,0.6537279578546865,0.5583752196477463,0.4028344880271858,0.34627204214531354,0.42987617996812555,0.1943310239456284,0.307455915709373,0.12849903967962073
Chungnam,천안시갑,더불어민주당,0.5649,0.3565,0.2066,190,0.4934667868177137,0.5618457219720452,0.4443795669146842,0.47922030552694816,0.41622317094566935,0.5059557572319909,0.014246481290765556,0.14562255102637583,-0.06157619031730671
Chungnam,천안시병,더불어민주당,0.619,0.4108,0.2059,191,0.48019333355606786,0.5561549286336528,0.4362663928997218,0.41043288452329246,0.3463780741137841,0.43724334348920385,0.0697604490327754,0.20977685451986872,-0.0009769505894820507
Chungnam,천안시을,더불어민주당,0.6074,0.4058,0.1998,192,0.5883817489807892,0.6430743204627026,0.5544674418087637,0.34893114497615574,0.2983791692385067,0.368900202307641,0.23945060400463347,0.3446951512241959,0.18556723950112275
Chungnam,홍성예산,미래통합당,0.6296,0.3491,0.2779,200,0.4448145265888457,0.4973711388602009,0.39673020500802686,0.5395278858625162,0.4888508121303164,0.5715867362943554,-0.09471335927367053,0.008520326729884509,-0.17485653128632855
Chungbuk,보은옥천영동괴산,미래통합당,0.6856,0.3357,0.3465,188,0.41442256260637006,0.4598089894117873,0.3602820852489675,0.5688305373206904,0.5251253867291839,0.6018662822410972,-0.15440797471432038,-0.06531639731739652,-0.24158419699212969
Chungbuk,제천단양,미래통합당,0.6733,0.3694,0.3009,183,0.44602909459973783,0.5024592102151809,0.394526644098741,0.5410200025373197,0.4873492551430598,0.5775360389486897,-0.09499090793758191,0.015109955072121095,-0.18300939484994866
Chungbuk,증평진천음성,더불어민주당,0.5982,0.3187,0.2766,189,0.5068784357060581,0.564811817078106,0.45060399888919744,0.4783626607231488,0.42225819506272766,0.5209837545126353,0.028515774982909248,0.14255362201537836,-0.0703797556234379
Chungbuk,청주시상당구,더불어민주당,0.6489,0.3946,0.2517,184,0.47095371553394055,0.5273166715359486,0.43021657503017297,0.4397848576021102,0.3871079121404478,0.46893858119887355,0.03116885793183033,0.14020875939550081,-0.038722006168700585
Chungbuk,청주시서원구,더불어민주당,0.649,0.3878,0.2584,185,0.4985995946194951,0.5660233268536518,0.4475959928138607,0.46788280818131567,0.40484124780153663,0.5042477391066046,0.030716786438179433,0.16118207905211512,-0.05665174629274389
Chungbuk,청주시청원구,더불어민주당,0.6176,0.4127,0.2025,187,0.5299408038217883,0.586612923701917,0.4951895088396605,0.44424135424239275,0.38999619144344294,0.4649477586788001,0.08569944957939557,0.19661673225847404,0.030241750160860392
Chungbuk,청주시흥덕구,더불어민주당,0.6229,0.3886,0.232,186,0.5580764616909195,0.622319571131381,0.5130312750601443,0.4295922092823986,0.36743879020643305,0.46130713712910987,0.1284842524085209,0.254880780924948,0.051724137931034475
Chungbuk,충주시,미래통합당,0.6389,0.3527,0.2838,182,0.4491794090343825,0.5024946262004772,0.40214098479021804,0.5225421680416164,0.47240134887298113,0.5574094711893139,-0.07336275900723382,0.030093277327496115,-0.1552684863990959
